event_month,mapped_pos_item_code,mapped_item_name,category_l,category_m,total_events,unique_users,weighted_interest_score,view_count,cart_add_count,wishlist_add_count,first_event_date_in_month,cart_add_per_100_views,prev_weighted_interest_score,prev_unique_users,score_delta_vs_prev_month,unique_users_delta_vs_prev_month
2025-04,192580,4월 와인 구독,,,19004,4336,24700.0,15679,2740,448,2025-04-01,17.4756,0.0,0,24700.0,4336
2025-04,125382,NCTWISH기획세트,과자,젤리류,11042,2406,13576.0,9493,1126,362,2025-04-24,11.8614,0.0,0,13576.0,2406
2025-04,109055,G)크라시에유자셔벗140ml,아이스크림,고급,7470,4341,8409.0,6676,463,219,2025-04-03,6.9353,0.0,0,8409.0,4341
2025-04,125102,이장우)오일스타알리오올리오,면,용기면,5363,1926,6698.0,4213,770,184,2025-04-16,18.2768,0.0,0,6698.0,1926
2025-04,125237,엔시티위시2집미니앨범,미디어 상품,음반,5001,1923,6576.5,4051,762,138,2025-04-15,18.8102,0.0,0,6576.5,1923
2025-04,124932,버터치킨카레덮밥,미반,도시락,4525,1824,5927.0,3613,727,97,2025-04-09,20.1218,0.0,0,5927.0,1824
2025-04,990120,"모바일금액권 5,000원",기타,판촉물,4905,2850,6685.0,3958,890,35,2025-04-01,22.4861,1030.5,263,5654.5,2587
2025-04,124549,PB)바밤바꿀밤생크림빵120g,디저트,냉장베이커리,5213,3314,5468.0,4925,159,64,2025-04-01,3.2284,223.0,70,5245.0,3244
2025-04,125051,사천식마파두부덮밥,미반,도시락,3320,1414,4609.0,2538,666,59,2025-04-16,26.2411,0.0,0,4609.0,1414
2025-04,192580,무학)드보뀌베D 750ml,양주와인,와인,3966,1180,4608.5,3478,321,110,2025-04-02,9.2294,0.0,0,4608.5,1180
2025-04,123397,앙리마티스)와인볼(화이트)500ml캔,양주와인,하이볼,3209,975,4106.5,2520,420,198,2025-04-03,16.6667,0.0,0,4106.5,975
2025-04,132159,농심)짜파게티큰사발,면,용기면,2733,954,3793.0,1702,755,34,2025-04-01,44.3596,378.0,91,3415.0,863
2025-04,118860,발베니 12년 싱글배럴 700ml,양주와인,양주,3125,705,3384.5,2813,45,231,2025-04-08,1.5997,0.0,0,3384.5,705
2025-04,124534,4월 도시락 구독,,,4213,1873,6111.5,3217,928,58,2025-04-01,28.8468,2740.0,832,3371.5,1041
2025-04,123396,앙리마티스)와인볼(레드)500ml캔,양주와인,하이볼,2475,846,3182.0,1965,317,153,2025-04-03,16.1323,0.0,0,3182.0,846
2025-04,110580,농심)포테토칩오리지널60g,과자,스낵류,2091,695,3016.0,1273,611,39,2025-04-01,47.9969,154.0,40,2862.0,655
2025-04,191660,아영)오이스터베이쇼비뇽블랑750,양주와인,와인,2235,693,2900.5,1782,313,106,2025-04-01,17.5645,52.0,24,2848.5,669
2025-04,124529,롯데)최강록의간장들기름비빔밥,미반,도시락,3232,1338,3818.0,2604,408,68,2025-04-01,15.6682,1090.0,334,2728.0,1004
2025-04,124531,현대)맛장우맛자랑 직화닭갈비,미반,도시락,2852,1211,3409.0,2235,420,37,2025-04-01,18.7919,831.5,248,2577.5,963
2025-04,192542,4월 위스키 구독,,,2413,1549,2667.0,2220,133,36,2025-04-01,5.991,90.0,44,2577.0,1505
2025-04,107478,롯데)고기(肉)맥시멈도시락,미반,도시락,2055,777,2481.0,1521,360,18,2025-04-01,23.6686,-1.0,1,2482.0,776
2025-04,220178,4월 장보기 구독,,,2370,1890,2513.0,2266,75,17,2025-04-01,3.3098,31.0,9,2482.0,1881
2025-04,124533,롯데)맛장우맛자랑 부대볶음,미반,도시락,2717,1125,3207.0,2142,386,32,2025-04-01,18.0205,727.0,245,2480.0,880
2025-04,109020,농심)신라면툼바큰사발,면,용기면,2030,714,2808.0,1281,542,36,2025-04-01,42.3107,452.0,127,2356.0,587
2025-04,124534,맛장우맛자랑 부대볶음,미반,도시락,3875,1390,5047.5,3073,669,29,2025-04-01,21.7703,2740.0,832,2307.5,558
2025-04,125238,엔시티위시2집미니앨범(6EA),미디어 상품,음반,1943,1065,2210.0,1676,138,80,2025-04-15,8.2339,0.0,0,2210.0,1065
2025-04,125504,SEVENTEEN 5th Album ‘HAPPY BURSTDAY’ (일반반),미디어 상품,음반,2081,1844,2160.0,2023,39,10,2025-04-29,1.9278,0.0,0,2160.0,1844
2025-04,124779,언노운)드보뀌베D블랑드블랑750ml,양주와인,와인,1998,662,2213.0,1748,112,88,2025-04-01,6.4073,62.0,35,2151.0,627
2025-04,114339,히밥)럭히밥김찌라면큰컵,면,용기면,2478,837,3294.5,1740,545,37,2025-04-01,31.3218,1169.0,341,2125.5,496
2025-04,124726,"4월 샌드위치,햄버거 구독",,,1637,910,2087.5,1359,225,33,2025-04-01,16.5563,34.0,14,2053.5,896
2025-04,124757,이즐)까까맛교통카드(빼빼로),서비스 상품,일반서비스,1773,1171,2022.5,1528,135,65,2025-04-01,8.8351,31.0,14,1991.5,1157
2025-04,132373,팔도)김치도시락,면,용기면,1559,513,2113.0,982,403,32,2025-04-01,41.0387,174.0,50,1939.0,463
2025-04,192634,지비)앙리마티스앨런스콧쇼비뇽,양주와인,와인,8152,1805,9298.5,7297,491,296,2025-04-01,6.7288,7386.5,1774,1912.0,31
2025-04,123742,NEW갈비맛닭강정,미반,푸드 간편식,2099,988,2515.0,1710,273,34,2025-04-01,15.9649,637.0,274,1878.0,714
2025-04,161188,코카)코카콜라제로500ml,음료,탄산음료,1283,435,1904.0,771,391,27,2025-04-01,50.7134,33.0,11,1871.0,424
2025-04,109521,더커진유부초밥6입,미반,초밥류,1507,657,1925.5,1099,282,35,2025-04-01,25.6597,70.0,37,1855.5,620
2025-04,132835,PB)대파열라면큰컵,면,용기면,1407,906,1859.0,1094,256,18,2025-04-01,23.4004,36.0,21,1823.0,885
2025-04,105887,롯데)맛장우맛자랑 전주식비빔밥,미반,도시락,6004,1862,7260.0,4476,985,124,2025-04-01,22.0063,5438.5,1510,1821.5,352
2025-04,124485,7P)스트롱사와복숭아500ml,양주와인,하이볼,1459,643,1820.5,1095,230,56,2025-04-01,21.0046,4.0,1,1816.5,642
2025-04,123297,해태)생생감자칩오지치즈후라이맛60g,과자,스낵류,1368,509,1851.0,931,304,47,2025-04-01,32.6531,63.0,31,1788.0,478
2025-04,124329,샤또 라퐁로쉐18,양주와인,와인,1483,682,1771.0,1286,130,53,2025-04-01,10.1089,21.0,17,1750.0,665
2025-04,125012,프롬더배럴500ml,양주와인,양주,1464,682,1736.5,1288,134,29,2025-04-02,10.4037,0.0,0,1736.5,682
2025-04,132142,농심)신라면120g,면,봉지면,2168,395,2722.0,1322,548,18,2025-04-01,41.4523,990.0,231,1732.0,164
2025-04,062346,PB)오구초코타임200ml,유음료,가공우유,1745,832,2276.0,1203,379,33,2025-04-01,31.5046,581.0,208,1695.0,624
2025-04,124532,맛장우맛자랑 직화닭갈비,미반,도시락,4179,1498,5405.5,3292,707,53,2025-04-01,21.4763,3771.5,1004,1634.0,494
2025-04,191642,롯데)배비치블랙쇼비뇽블랑750ml,양주와인,와인,1679,534,1944.0,1463,130,58,2025-04-01,8.8859,339.0,144,1605.0,390
2025-04,124486,7P)스트롱사와거봉500ml,양주와인,하이볼,1263,543,1589.5,925,206,59,2025-04-01,22.2703,5.0,1,1584.5,542
2025-04,125340,KBO)롯데자이언츠거인단팥빵100g,빵,간식빵,1407,623,1570.0,1190,0,199,2025-04-25,0.0,0.0,0,1570.0,623
2025-04,132847,삼양)맵탱마늘조개라면큰컵,면,용기면,1748,910,2064.0,1459,198,34,2025-04-01,13.5709,501.0,161,1563.0,749
2025-04,210345,오뚜기)진라면매운맛봉지,면,봉지면,1231,325,1673.0,748,340,16,2025-04-01,45.4545,121.0,35,1552.0,290
2025-04,124782,"4월 삼각김밥,김밥 구독",,,1317,725,1737.0,1075,205,28,2025-04-01,19.0698,237.0,77,1500.0,648
2025-04,124859,조니워커블루뱀띠에디션1L,양주와인,양주,1270,735,1386.5,1193,59,11,2025-04-01,4.9455,0.0,0,1386.5,735
2025-04,132835,PB)대파열라면큰컵,면,용기면,1407,906,1859.0,1094,256,18,2025-04-01,23.4004,543.5,149,1315.5,757
2025-04,210332,팔도)도시락,면,용기면,944,298,1315.0,561,273,15,2025-04-03,48.6631,0.0,0,1315.0,298
2025-04,124303,쉥크스 홈스테드 켄터키 사워매시 2024 700ml,양주와인,양주,1225,194,1293.5,1148,20,46,2025-04-10,1.7422,0.0,0,1293.5,194
2025-04,125084,PB)이봉원의봉짬뽕224g,냉장,냉장간편식,1082,457,1282.5,850,126,53,2025-04-17,14.8235,0.0,0,1282.5,457
2025-04,108810,올뉴빅닭강정,미반,푸드 간편식,1295,653,1502.5,1106,137,12,2025-04-01,12.387,331.0,175,1171.5,478
2025-04,124135,해태)구운버터옥수수60g,과자,스낵류,946,403,1235.5,651,194,34,2025-04-01,29.8003,68.0,20,1167.5,383
2025-04,125131,모던 스퀘어 카네이션,서비스 상품,기타,939,504,1150.0,818,108,7,2025-04-10,13.2029,0.0,0,1150.0,504
2025-04,132667,농심)배홍동비빔면(봉지),면,봉지면,907,281,1175.0,596,212,14,2025-04-01,35.5705,48.0,14,1127.0,267
2025-04,125343,ITTA MAGAZINE TEMPEST ver,미디어 상품,잡지,819,140,1114.5,635,152,17,2025-04-21,23.937,0.0,0,1114.5,140
2025-04,115940,오리온)무뚝뚝감자칩60g,과자,스낵류,1065,382,1444.0,677,273,21,2025-04-01,40.325,342.0,91,1102.0,291
2025-04,041567,PB)푸하하소금우유크림빵110g,디저트,냉장베이커리,2457,1006,3169.5,1709,506,61,2025-04-01,29.608,2078.0,616,1091.5,390
2025-04,160749,칠성)2%부족할때복숭아500ml,음료,스포츠음료,1071,359,1556.0,637,324,19,2025-04-01,50.8634,477.0,139,1079.0,220
2025-04,118889,시원)후와토로리치피스타치오40g,디저트,냉동디저트,862,429,1075.0,665,121,41,2025-04-03,18.1955,0.0,0,1075.0,429
2025-04,124782,롯데)최강록의소보로삼각,미반,삼각김밥,1034,500,1292.0,737,192,28,2025-04-01,26.0516,237.0,77,1055.0,423
2025-04,210382,팔도)비빔면봉지,면,봉지면,868,210,1141.0,510,236,15,2025-04-01,46.2745,137.0,37,1004.0,173
2025-04,111545,해태)크림웨하스50g,과자,비스킷류,916,323,1279.0,577,243,23,2025-04-01,42.1144,302.0,77,977.0,246
2025-04,140526,CJ)햇반미역국밥(컵반),가공식품,가공미반류,1247,596,1620.5,917,237,28,2025-04-01,25.8451,652.5,322,968.0,274
2025-04,202387,칠성)펩시콜라제로355ml,음료,탄산음료,1551,598,2184.0,948,444,21,2025-04-01,46.8354,1227.0,415,957.0,183
2025-04,124320,농심)먹태깡고추장마요60g,과자,스낵류,718,293,951.5,464,170,20,2025-04-01,36.6379,26.0,8,925.5,285
2025-04,109943,레드브레스트12년 700ml,양주와인,양주,788,372,1004.0,647,114,12,2025-04-01,17.6198,99.0,58,905.0,314
2025-04,210464,오뚜기)진라면매운맛큰컵,면,용기면,632,185,894.0,388,183,6,2025-04-03,47.1649,0.0,0,894.0,185
2025-04,123552,롯데)7찬도시락,미반,도시락,2687,984,3246.5,1918,497,36,2025-04-01,25.9124,2364.0,756,882.5,228
2025-04,170186,현대)미에로화이바350ml,음료,기능성드링크,581,199,889.0,356,182,10,2025-04-01,51.1236,40.0,10,849.0,189
2025-04,132140,농심)튀김우동큰사발,면,용기면,616,221,875.0,348,192,9,2025-04-01,55.1724,41.0,20,834.0,201
2025-04,124908,와일드터키롱브랜치,양주와인,양주,880,384,1074.0,736,95,34,2025-04-01,12.9076,241.0,62,833.0,322
2025-04,109009,PB)피스타치오마카다미아봉봉50g,과자,초콜릿,1019,467,1322.0,716,201,35,2025-04-01,28.0726,491.0,221,831.0,246
2025-04,132157,농심)얼큰한너구리봉지,면,봉지면,1136,214,1310.0,707,255,4,2025-04-01,36.0679,480.0,119,830.0,95
2025-04,132290,농심)새우탕면(소컵),면,용기면,594,174,813.0,351,171,7,2025-04-03,48.7179,0.0,0,813.0,174
2025-04,107478,롯데)고기(肉)맥시멈도시락,미반,도시락,2055,777,2481.0,1521,360,18,2025-04-01,23.6686,1673.0,568,808.0,209
2025-04,191866,빈티지)도그포인트쇼비뇽블랑750,양주와인,와인,682,302,819.0,555,64,45,2025-04-01,11.5315,36.0,17,783.0,285
2025-04,125132,하이브리드_아이비,서비스 상품,기타,695,504,780.5,641,45,4,2025-04-10,7.0203,0.0,0,780.5,504
2025-04,070092,서울)흰우유1L,유음료,흰우유,2439,645,3464.0,1496,703,33,2025-04-01,46.992,2685.0,486,779.0,159
2025-04,125133,반전 용돈박스(대),서비스 상품,기타,724,587,778.5,689,27,5,2025-04-10,3.9187,0.0,0,778.5,587
2025-04,160053,칠성)펩시콜라600ml,음료,탄산음료,527,171,810.0,309,173,9,2025-04-01,55.9871,35.0,16,775.0,155
2025-04,202058,칠성)밀키스340ml,음료,탄산음료,977,359,1437.0,561,311,16,2025-04-01,55.4367,671.0,170,766.0,189
2025-04,124327,샤또 브랑깡뜨냑18,양주와인,와인,618,308,761.5,521,69,20,2025-04-01,13.2438,11.0,8,750.5,300
2025-04,324783,SK텔링크)반값유심,서비스 상품,일반서비스,548,220,744.5,435,100,7,2025-04-17,22.9885,0.0,0,744.5,220
2025-04,124931,PB)바밤바알밤초콜릿16g,과자,초콜릿,564,240,741.0,421,94,29,2025-04-10,22.3278,0.0,0,741.0,240
2025-04,132730,오뚜기)짜슐랭봉지,면,봉지면,624,184,800.0,414,140,12,2025-04-02,33.8164,80.0,28,720.0,156
2025-04,124680,키노비오리지널진700ml,양주와인,양주,577,239,720.0,480,76,10,2025-04-01,15.8333,0.0,0,720.0,239
2025-04,324300,SK텔링크)알뜰유심,서비스 상품,일반서비스,537,205,720.0,414,93,19,2025-04-15,22.4638,0.0,0,720.0,205
2025-04,071847,CJ)청양고추후랑크80g,냉장,냉장간식,560,204,748.0,346,139,20,2025-04-01,40.1734,34.0,10,714.0,194
2025-04,115500,카발란 올로로소 쉐리오크,양주와인,양주,633,331,754.5,538,55,30,2025-04-01,10.223,46.0,42,708.5,289
2025-04,107273,크라운)콘칩초당70g,과자,스낵류,874,335,1203.0,571,218,21,2025-04-01,38.1786,495.0,161,708.0,174
2025-04,115640,롯데)롯데샌드105g,과자,비스킷류,702,301,913.0,457,161,19,2025-04-01,35.2298,207.0,67,706.0,234
2025-04,125374,PB)자이언츠피카츄냐냐71g,과자,스낵류,612,309,699.0,480,0,117,2025-04-25,0.0,0.0,0,699.0,309
2025-04,132675,오뚜기)육개장사발면104g,면,용기면,757,276,1019.0,488,191,12,2025-04-01,39.1393,321.5,89,697.5,187
2025-04,124978,부나하벤12년700ml,양주와인,양주,635,337,693.0,598,24,12,2025-04-08,4.0134,0.0,0,693.0,337
