date,가공식품,간식,건강/기호식품,과자,냉동,냉장,디저트,맥주,면,미반,빵,신선,아이스크림,안주,양주와인,유음료,음료,전통주,조리빵,조미료/건물,즉석 식품,즉석음료
2025-01-01,2415.0,353.0,5529.0,29267.0,455.0,5786.0,1195.0,11576.0,11452.0,9418.0,3509.0,1167.0,5360.0,1563.0,2739.0,20896.0,48709.0,8619.0,2166.0,482.0,3186.0,3975.0
2025-01-02,3182.0,449.0,4586.0,36771.0,321.0,9008.0,1365.0,9218.0,14766.0,17543.0,5484.0,1476.0,3981.0,1482.0,1569.0,28200.0,54012.0,6810.0,3814.0,427.0,3360.0,4118.0
2025-01-03,2970.0,490.0,6350.0,41036.0,356.0,9307.0,2178.0,12653.0,16149.0,17719.0,5946.0,1454.0,4185.0,1807.0,2037.0,28733.0,57819.0,8362.0,3951.0,457.0,3803.0,4270.0
2025-01-04,2558.0,418.0,6517.0,38415.0,281.0,6918.0,3471.0,12855.0,13971.0,12639.0,4318.0,1214.0,5646.0,1827.0,2307.0,24545.0,57735.0,8891.0,2722.0,462.0,3331.0,4298.0
2025-01-05,2501.0,422.0,3991.0,30955.0,292.0,6236.0,1764.0,10834.0,12761.0,10446.0,3906.0,1099.0,4429.0,1481.0,1900.0,20535.0,44786.0,7634.0,2498.0,429.0,2436.0,3367.0
2025-01-06,3281.0,428.0,3605.0,37414.0,287.0,9154.0,1519.0,9366.0,15125.0,17305.0,5842.0,1257.0,3545.0,1522.0,1688.0,27987.0,50918.0,6720.0,4021.0,426.0,3237.0,3787.0
2025-01-07,3220.0,453.0,3985.0,38969.0,349.0,9539.0,1509.0,9506.0,15387.0,17998.0,5961.0,1436.0,3662.0,1518.0,1788.0,27836.0,52350.0,7068.0,4055.0,416.0,3515.0,3972.0
2025-01-08,3185.0,514.0,4038.0,38864.0,331.0,9598.0,1550.0,9690.0,15852.0,17930.0,6025.0,1350.0,3443.0,1612.0,2083.0,27917.0,51927.0,7142.0,3909.0,437.0,3715.0,3893.0
2025-01-09,3273.0,526.0,4186.0,39809.0,353.0,9586.0,1415.0,9656.0,16881.0,18162.0,6365.0,1364.0,2954.0,1568.0,2098.0,26561.0,49011.0,7353.0,4069.0,402.0,3613.0,3526.0
2025-01-10,3136.0,475.0,5955.0,41722.0,344.0,9056.0,1589.0,12619.0,16057.0,17560.0,6148.0,1333.0,4280.0,1717.0,2687.0,28419.0,55904.0,8763.0,3984.0,385.0,3620.0,4064.0
2025-01-11,2428.0,443.0,7163.0,39826.0,330.0,7108.0,1450.0,13296.0,13821.0,12863.0,4849.0,1218.0,5070.0,1830.0,3058.0,24753.0,57218.0,9095.0,2855.0,426.0,3044.0,4111.0
2025-01-12,2584.0,405.0,4430.0,35377.0,287.0,6363.0,1371.0,12198.0,13090.0,11163.0,4325.0,1148.0,4770.0,1584.0,2563.0,22705.0,49157.0,8136.0,2664.0,480.0,2586.0,3566.0
2025-01-13,3248.0,459.0,3903.0,38156.0,353.0,9327.0,1261.0,9278.0,15199.0,17840.0,5836.0,1311.0,3873.0,1483.0,1961.0,28456.0,52196.0,7197.0,4184.0,421.0,3412.0,4092.0
2025-01-14,3180.0,475.0,4212.0,39983.0,355.0,9662.0,1455.0,10250.0,15643.0,18448.0,6388.0,1451.0,4285.0,1580.0,1900.0,29906.0,54296.0,7278.0,4073.0,422.0,3945.0,3981.0
2025-01-15,3085.0,508.0,4395.0,39625.0,340.0,9701.0,1354.0,9976.0,15793.0,18087.0,6157.0,1454.0,3383.0,1524.0,1894.0,27951.0,52675.0,7282.0,4074.0,389.0,3774.0,3931.0
2025-01-16,3189.0,546.0,5196.0,40522.0,345.0,9405.0,1494.0,10459.0,15706.0,18226.0,6442.0,1505.0,4381.0,1608.0,1895.0,29281.0,55255.0,7385.0,4209.0,406.0,3702.0,4163.0
2025-01-17,2840.0,499.0,6484.0,42220.0,389.0,9494.0,1840.0,12903.0,16070.0,18359.0,6174.0,1454.0,5029.0,1112.0,2404.0,30231.0,60109.0,8748.0,4144.0,383.0,3889.0,4523.0
2025-01-18,2405.0,420.0,7171.0,40482.0,352.0,7279.0,1609.0,13941.0,14136.0,12938.0,4914.0,1240.0,6192.0,1761.0,2735.0,26134.0,62109.0,9074.0,2951.0,432.0,3563.0,4630.0
2025-01-19,2252.0,409.0,3962.0,33833.0,297.0,6472.0,1811.0,11206.0,12568.0,11596.0,4264.0,1142.0,5229.0,1532.0,2118.0,23207.0,51909.0,7626.0,2713.0,442.0,2850.0,3847.0
2025-01-20,3153.0,468.0,3832.0,38238.0,305.0,9334.0,2949.0,9555.0,15031.0,18503.0,6032.0,1250.0,4564.0,1550.0,1757.0,29848.0,54942.0,6992.0,4238.0,374.0,3454.0,4164.0
2025-01-21,3019.0,485.0,4198.0,39670.0,290.0,9747.0,2275.0,10080.0,15590.0,18485.0,6180.0,1414.0,4200.0,1579.0,2084.0,30363.0,55317.0,6968.0,4245.0,427.0,3673.0,4333.0
2025-01-22,2894.0,489.0,4068.0,39015.0,334.0,9318.0,1864.0,10636.0,16021.0,18403.0,6197.0,1441.0,4461.0,1581.0,1950.0,29646.0,56959.0,7438.0,4226.0,418.0,3815.0,4158.0
2025-01-23,2882.0,466.0,4940.0,39757.0,317.0,9237.0,1732.0,10191.0,15579.0,18489.0,6103.0,1374.0,4612.0,1561.0,1933.0,29493.0,56966.0,7217.0,4113.0,398.0,3635.0,4271.0
2025-01-24,2763.0,478.0,6104.0,39336.0,344.0,8835.0,1627.0,13009.0,15257.0,17038.0,5871.0,1377.0,5432.0,1760.0,2191.0,28947.0,59966.0,8621.0,3885.0,349.0,3710.0,4221.0
2025-01-25,2100.0,386.0,6388.0,36847.0,308.0,6953.0,1871.0,12340.0,12860.0,12309.0,4509.0,1173.0,5918.0,1617.0,2281.0,24713.0,59868.0,8656.0,2749.0,388.0,3283.0,4518.0
2025-01-26,2524.0,356.0,4620.0,34844.0,290.0,6334.0,2055.0,13756.0,12033.0,10523.0,4116.0,1236.0,5881.0,1809.0,2481.0,23047.0,53336.0,8787.0,2407.0,484.0,3169.0,4044.0
2025-01-27,2230.0,324.0,3211.0,29805.0,293.0,5603.0,1345.0,11054.0,10721.0,9510.0,3753.0,947.0,4122.0,1540.0,1850.0,19293.0,41020.0,7910.0,2392.0,423.0,1856.0,3182.0
2025-01-28,2114.0,281.0,2568.0,26334.0,328.0,4900.0,1123.0,10833.0,9654.0,7681.0,2909.0,843.0,4745.0,1450.0,1672.0,16165.0,34989.0,8285.0,1881.0,496.0,1661.0,2998.0
2025-01-29,2301.0,295.0,2703.0,28785.0,346.0,4914.0,942.0,13472.0,9501.0,7146.0,2591.0,776.0,5802.0,1678.0,2002.0,17011.0,35689.0,10385.0,1790.0,560.0,1468.0,3454.0
2025-01-30,2323.0,271.0,3074.0,26292.0,262.0,4974.0,831.0,10312.0,10536.0,8312.0,2758.0,715.0,3912.0,1356.0,1649.0,17259.0,36747.0,7439.0,1938.0,353.0,1594.0,3139.0
2025-01-31,2979.0,373.0,4488.0,36035.0,300.0,8198.0,1220.0,11661.0,14949.0,13903.0,5345.0,800.0,3728.0,1519.0,1918.0,25300.0,47742.0,8227.0,3378.0,376.0,2440.0,3724.0
2025-02-01,2530.0,391.0,5975.0,34971.0,271.0,6992.0,1282.0,12022.0,12963.0,10991.0,4047.0,719.0,5038.0,1577.0,2335.0,23713.0,53178.0,8674.0,2596.0,419.0,2605.0,4234.0
2025-02-02,2249.0,386.0,3785.0,30879.0,263.0,6024.0,1173.0,10321.0,11846.0,10218.0,3804.0,913.0,4171.0,1313.0,1756.0,21015.0,46311.0,7392.0,2394.0,361.0,2288.0,3552.0
2025-02-03,3233.0,447.0,3128.0,36499.0,260.0,9267.0,1153.0,8640.0,15152.0,17079.0,5449.0,1040.0,2888.0,1402.0,1455.0,27023.0,47536.0,6837.0,3946.0,393.0,3184.0,3587.0
2025-02-04,3174.0,468.0,3581.0,38251.0,321.0,9687.0,1310.0,9207.0,16032.0,17372.0,5757.0,1212.0,2923.0,1392.0,1417.0,26977.0,47355.0,6991.0,4063.0,373.0,3461.0,3441.0
2025-02-05,3198.0,506.0,4128.0,38770.0,303.0,10000.0,1266.0,9549.0,16090.0,17730.0,5838.0,1264.0,2873.0,1397.0,1460.0,26932.0,48457.0,7056.0,3902.0,415.0,3529.0,3490.0
2025-02-06,3259.0,505.0,3922.0,39755.0,331.0,10011.0,1373.0,10270.0,16125.0,17969.0,6115.0,1350.0,3523.0,1572.0,1733.0,27692.0,50546.0,7672.0,4145.0,459.0,3469.0,3680.0
2025-02-07,3042.0,541.0,5669.0,42915.0,370.0,10056.0,1498.0,12781.0,17054.0,17802.0,6206.0,1265.0,3615.0,1828.0,2423.0,26909.0,51033.0,8829.0,4004.0,433.0,3789.0,3754.0
2025-02-08,2442.0,424.0,6270.0,40320.0,321.0,7294.0,1352.0,13658.0,13657.0,12397.0,4666.0,1099.0,4544.0,1775.0,2489.0,23653.0,53686.0,9115.0,2796.0,407.0,2730.0,4061.0
2025-02-09,2254.0,378.0,3745.0,36010.0,315.0,6795.0,1159.0,12495.0,12584.0,11270.0,4174.0,1163.0,4426.0,1451.0,2168.0,21983.0,47855.0,8352.0,2602.0,437.0,2275.0,3552.0
2025-02-10,2998.0,457.0,3666.0,39163.0,275.0,9541.0,1310.0,9329.0,14979.0,17649.0,5832.0,1282.0,3554.0,1368.0,1778.0,28339.0,49723.0,7122.0,4071.0,356.0,3224.0,3774.0
2025-02-11,3105.0,499.0,3991.0,40467.0,253.0,10102.0,2830.0,9807.0,14988.0,17879.0,5937.0,1205.0,4059.0,1489.0,1965.0,29071.0,53662.0,7304.0,4011.0,398.0,3565.0,3930.0
2025-02-12,2991.0,533.0,4174.0,40272.0,306.0,10007.0,1935.0,10447.0,16019.0,18165.0,5877.0,1295.0,3917.0,1737.0,2156.0,27672.0,50625.0,7738.0,4112.0,444.0,3444.0,3615.0
2025-02-13,3044.0,553.0,4606.0,43965.0,257.0,9719.0,1661.0,10279.0,15631.0,18079.0,6093.0,1391.0,4667.0,1596.0,2270.0,29320.0,56214.0,7533.0,4055.0,404.0,3594.0,4148.0
2025-02-14,2749.0,526.0,6069.0,56895.0,286.0,9392.0,1632.0,13219.0,15075.0,17442.0,5944.0,1324.0,5128.0,1675.0,2878.0,29921.0,62265.0,8407.0,3930.0,424.0,3566.0,4624.0
2025-02-15,2311.0,391.0,6397.0,41797.0,300.0,7508.0,1915.0,14086.0,13069.0,12643.0,4489.0,1150.0,6122.0,1777.0,3061.0,25868.0,63469.0,8972.0,2773.0,374.0,3076.0,4892.0
2025-02-16,2296.0,368.0,4054.0,34819.0,267.0,6541.0,2046.0,11531.0,12450.0,11252.0,4040.0,1085.0,5255.0,1465.0,2170.0,22342.0,52773.0,7846.0,2566.0,375.0,2548.0,3905.0
2025-02-17,3075.0,511.0,3582.0,38093.0,244.0,9646.0,1567.0,9020.0,14968.0,17897.0,5870.0,1281.0,3532.0,1431.0,1694.0,28468.0,50797.0,6823.0,4032.0,420.0,3271.0,3920.0
2025-02-18,3027.0,510.0,3945.0,39816.0,322.0,10227.0,1504.0,9472.0,14971.0,18122.0,5971.0,1255.0,3575.0,1444.0,1693.0,29032.0,53073.0,7138.0,4125.0,368.0,3571.0,3854.0
2025-02-19,3099.0,517.0,4152.0,40282.0,296.0,10145.0,1481.0,10154.0,15599.0,18354.0,6055.0,1359.0,3718.0,1543.0,1801.0,28608.0,53402.0,7388.0,4071.0,390.0,3544.0,3846.0
2025-02-20,2903.0,477.0,4559.0,41443.0,326.0,10082.0,1777.0,10121.0,15931.0,18424.0,6345.0,1323.0,4347.0,1583.0,1727.0,28730.0,54669.0,7240.0,4178.0,395.0,3616.0,3913.0
2025-02-21,2825.0,522.0,5865.0,44234.0,274.0,9724.0,1648.0,12811.0,15791.0,17931.0,6308.0,1237.0,4348.0,1814.0,2290.0,29371.0,58146.0,8517.0,3961.0,387.0,3635.0,4315.0
2025-02-22,2379.0,411.0,6517.0,40075.0,293.0,7396.0,1825.0,13717.0,13549.0,12782.0,4687.0,1117.0,5089.0,1883.0,2606.0,25498.0,58693.0,9175.0,2889.0,378.0,2907.0,4458.0
2025-02-23,2607.0,412.0,4141.0,37272.0,302.0,6897.0,2124.0,12423.0,13649.0,11493.0,4400.0,1184.0,4622.0,1567.0,2029.0,22725.0,49926.0,8459.0,2494.0,471.0,2322.0,3701.0
2025-02-24,2981.0,418.0,3752.0,39625.0,313.0,9098.0,1655.0,9649.0,14993.0,17935.0,6013.0,1272.0,3827.0,1562.0,1623.0,28714.0,52794.0,7020.0,4076.0,402.0,3214.0,3847.0
2025-02-25,2944.0,517.0,3988.0,41031.0,326.0,10017.0,1754.0,10158.0,15409.0,18198.0,6133.0,1307.0,4349.0,1605.0,1691.0,30062.0,56093.0,7235.0,4154.0,386.0,3545.0,4187.0
2025-02-26,2888.0,552.0,4018.0,41986.0,291.0,9861.0,2477.0,10554.0,15187.0,18287.0,6094.0,1420.0,4621.0,1662.0,1711.0,30559.0,58480.0,7380.0,4144.0,390.0,3531.0,4223.0
2025-02-27,2754.0,466.0,4787.0,41818.0,284.0,9977.0,1931.0,10730.0,15393.0,18578.0,6307.0,1352.0,5345.0,1636.0,1699.0,31456.0,63407.0,7467.0,4206.0,419.0,4005.0,4645.0
2025-02-28,2768.0,478.0,6064.0,45043.0,290.0,9458.0,2225.0,14074.0,15424.0,17901.0,6136.0,1429.0,6197.0,1882.0,2488.0,32122.0,68496.0,8818.0,4055.0,388.0,3747.0,5079.0
2025-03-01,2133.0,463.0,6390.0,37947.0,269.0,6831.0,2948.0,14218.0,12500.0,12125.0,4386.0,1241.0,7080.0,1811.0,2768.0,25784.0,64453.0,8960.0,2776.0,393.0,3012.0,5061.0
2025-03-02,1942.0,356.0,4211.0,33869.0,284.0,6678.0,2017.0,12947.0,12468.0,11017.0,3978.0,980.0,5455.0,1747.0,2428.0,22244.0,50776.0,9194.0,2642.0,391.0,2056.0,4118.0
2025-03-03,2136.0,331.0,2687.0,29882.0,257.0,5656.0,1623.0,10119.0,10932.0,10419.0,4053.0,915.0,4195.0,1281.0,1657.0,20156.0,43709.0,7157.0,2616.0,352.0,2223.0,3462.0
2025-03-04,2854.0,444.0,3155.0,36432.0,258.0,9215.0,1658.0,9011.0,14554.0,18771.0,5553.0,1254.0,3661.0,1366.0,1402.0,27348.0,46909.0,6590.0,4077.0,336.0,2902.0,3474.0
2025-03-05,2863.0,433.0,3602.0,38355.0,277.0,9236.0,1842.0,9834.0,14257.0,18699.0,5785.0,1501.0,4467.0,1414.0,1370.0,30114.0,53890.0,6901.0,3984.0,377.0,3413.0,3952.0
2025-03-06,2659.0,493.0,4141.0,39038.0,304.0,9555.0,1676.0,10004.0,14928.0,19079.0,5939.0,1476.0,4923.0,1545.0,1515.0,30644.0,55987.0,7006.0,4021.0,420.0,3489.0,4244.0
2025-03-07,2683.0,573.0,5792.0,42645.0,350.0,9640.0,1493.0,13263.0,15069.0,18748.0,6015.0,1343.0,5798.0,1752.0,2272.0,31030.0,60531.0,8480.0,4106.0,336.0,3567.0,4812.0
2025-03-08,2191.0,492.0,6644.0,43423.0,307.0,7941.0,1708.0,13568.0,14065.0,13488.0,5130.0,1257.0,6905.0,1742.0,2475.0,28569.0,65459.0,9046.0,3156.0,430.0,3723.0,5327.0
2025-03-09,2352.0,436.0,3550.0,38118.0,265.0,7032.0,1455.0,13141.0,13089.0,11723.0,4441.0,1284.0,6666.0,1606.0,2369.0,25623.0,57929.0,8290.0,2801.0,429.0,3703.0,4782.0
2025-03-10,2762.0,460.0,3190.0,38510.0,292.0,9613.0,1328.0,9699.0,13575.0,17495.0,5520.0,1288.0,4666.0,1594.0,1555.0,31697.0,54938.0,6730.0,4190.0,388.0,3380.0,4548.0
2025-03-11,2757.0,487.0,3560.0,39832.0,270.0,10072.0,1423.0,10179.0,14145.0,18374.0,5864.0,1372.0,5689.0,1638.0,1644.0,32245.0,52445.0,6877.0,4348.0,399.0,3683.0,4774.0
2025-03-12,2634.0,512.0,3898.0,40232.0,345.0,9666.0,1617.0,10360.0,14654.0,18475.0,5818.0,1458.0,5212.0,1554.0,1653.0,31026.0,55917.0,6947.0,4295.0,373.0,3495.0,4538.0
2025-03-13,2691.0,516.0,4547.0,41028.0,299.0,9753.0,1595.0,10726.0,14868.0,18920.0,6140.0,1527.0,6160.0,1625.0,1727.0,32295.0,60634.0,6980.0,4316.0,381.0,3703.0,4902.0
2025-03-14,2604.0,500.0,6203.0,55391.0,327.0,9801.0,2199.0,14732.0,14659.0,18455.0,5998.0,1598.0,7698.0,1836.0,2458.0,33686.0,71357.0,8446.0,4215.0,415.0,4273.0,6156.0
2025-03-15,2218.0,462.0,6644.0,46068.0,306.0,8175.0,3660.0,15051.0,14315.0,14399.0,5065.0,1652.0,8731.0,1987.0,2727.0,30916.0,76235.0,9282.0,3171.0,425.0,5365.0,6795.0
2025-03-16,2305.0,431.0,3672.0,36424.0,285.0,7016.0,2086.0,11192.0,13094.0,11771.0,4332.0,1259.0,5185.0,1536.0,1995.0,23023.0,49309.0,7833.0,2702.0,347.0,2377.0,4062.0
2025-03-17,2683.0,470.0,3428.0,39478.0,296.0,9525.0,1928.0,9257.0,14672.0,18498.0,5901.0,1510.0,3939.0,1549.0,1369.0,29877.0,52148.0,6950.0,4254.0,352.0,3231.0,4259.0
2025-03-18,2740.0,534.0,3768.0,40449.0,322.0,9663.0,1734.0,9558.0,15739.0,18661.0,5940.0,1707.0,4127.0,1616.0,1382.0,29736.0,50199.0,6906.0,4284.0,387.0,3287.0,4083.0
2025-03-19,2761.0,529.0,3748.0,41439.0,306.0,9927.0,1663.0,10400.0,15369.0,18646.0,6358.0,1770.0,4676.0,1537.0,1593.0,30823.0,54094.0,6975.0,4234.0,394.0,3474.0,4336.0
2025-03-20,2677.0,532.0,4620.0,42036.0,323.0,9916.0,1778.0,11268.0,15192.0,19078.0,10734.0,1794.0,5544.0,1626.0,1687.0,32743.0,60595.0,7423.0,4214.0,360.0,3591.0,5152.0
2025-03-21,2703.0,512.0,6337.0,44174.0,319.0,10068.0,2227.0,14173.0,15602.0,18639.0,9708.0,1857.0,7509.0,1921.0,2296.0,34415.0,68840.0,8438.0,4292.0,446.0,4148.0,6083.0
2025-03-22,2338.0,463.0,6855.0,44444.0,306.0,8232.0,4211.0,15870.0,14285.0,13961.0,8564.0,1844.0,9608.0,2052.0,2918.0,31575.0,79725.0,9373.0,3190.0,389.0,5337.0,7967.0
2025-03-23,2377.0,421.0,4175.0,40374.0,355.0,8188.0,3064.0,16526.0,13531.0,12838.0,7858.0,1990.0,10518.0,1858.0,2885.0,28451.0,74220.0,8670.0,2849.0,479.0,7036.0,8399.0
2025-03-24,2784.0,443.0,3448.0,38542.0,294.0,9877.0,2405.0,10540.0,13927.0,18431.0,9517.0,1853.0,6690.0,1576.0,1593.0,33749.0,63311.0,7019.0,4405.0,451.0,3874.0,5921.0
2025-03-25,2850.0,498.0,3512.0,41539.0,333.0,9955.0,2154.0,11285.0,14953.0,18993.0,10324.0,1906.0,5845.0,1637.0,1633.0,32391.0,60728.0,6984.0,4284.0,425.0,3604.0,5355.0
2025-03-26,2721.0,536.0,4045.0,40869.0,291.0,9931.0,2102.0,13086.0,14381.0,19099.0,8822.0,2013.0,7915.0,1756.0,1835.0,34546.0,68926.0,7392.0,4282.0,400.0,4107.0,6963.0
2025-03-27,2639.0,485.0,4323.0,42349.0,353.0,10378.0,1776.0,11160.0,15420.0,18929.0,8066.0,2034.0,6145.0,1831.0,1702.0,33276.0,60888.0,7464.0,4374.0,407.0,3665.0,5620.0
2025-03-28,2779.0,509.0,5911.0,48043.0,281.0,9998.0,2241.0,13967.0,16054.0,18923.0,8083.0,1756.0,6233.0,2025.0,2218.0,33435.0,63770.0,8843.0,4411.0,481.0,3944.0,5824.0
2025-03-29,2368.0,459.0,6558.0,47033.0,276.0,8170.0,3471.0,14186.0,15130.0,14197.0,6593.0,1457.0,6255.0,2125.0,2482.0,28477.0,62277.0,9418.0,3188.0,419.0,3444.0,5293.0
2025-03-30,2379.0,423.0,3829.0,38991.0,274.0,7143.0,2512.0,11243.0,13257.0,12147.0,5355.0,1171.0,5581.0,1624.0,1929.0,24434.0,51179.0,8036.0,2850.0,417.0,2751.0,4511.0
2025-03-31,2805.0,466.0,3594.0,39671.0,265.0,9833.0,2371.0,9315.0,14983.0,18420.0,7658.0,1730.0,5729.0,1648.0,1483.0,32754.0,56228.0,7039.0,4357.0,366.0,3442.0,5164.0
2025-04-01,2756.0,464.0,3659.0,42197.0,297.0,9991.0,2032.0,10012.0,14500.0,18676.0,7794.0,1512.0,5725.0,1622.0,1628.0,33534.0,58946.0,6983.0,4428.0,430.0,3882.0,5789.0
2025-04-02,2931.0,554.0,3778.0,43635.0,319.0,10480.0,1782.0,10169.0,15440.0,18963.0,7832.0,1718.0,4731.0,1874.0,1710.0,32796.0,55668.0,7275.0,4413.0,454.0,3451.0,5055.0
2025-04-03,2660.0,561.0,4575.0,44290.0,312.0,10520.0,1805.0,10681.0,15323.0,18939.0,8119.0,1790.0,6093.0,1659.0,1772.0,34439.0,60913.0,7278.0,4396.0,409.0,4032.0,5859.0
2025-04-04,2663.0,624.0,6148.0,47555.0,325.0,10541.0,2148.0,15958.0,15925.0,18614.0,7735.0,1728.0,7397.0,2162.0,2874.0,35514.0,68680.0,9356.0,4313.0,426.0,4410.0,6501.0
2025-04-05,2237.0,566.0,5570.0,42314.0,309.0,7784.0,3228.0,13059.0,14721.0,13865.0,6160.0,1252.0,5899.0,1897.0,2432.0,27432.0,54979.0,9629.0,3133.0,443.0,2861.0,5136.0
2025-04-06,2288.0,484.0,3448.0,42367.0,292.0,8018.0,2812.0,13173.0,13405.0,12448.0,5851.0,1614.0,7204.0,1776.0,2416.0,28112.0,63428.0,8231.0,2899.0,390.0,5505.0,6785.0
2025-04-07,2853.0,514.0,3236.0,41165.0,298.0,10293.0,2372.0,9794.0,14359.0,18363.0,7485.0,1589.0,6563.0,1738.0,1700.0,34823.0,62084.0,7002.0,4337.0,421.0,4059.0,6614.0
2025-04-08,2662.0,518.0,3456.0,42515.0,276.0,10519.0,2211.0,11913.0,14735.0,19036.0,8033.0,1741.0,6969.0,1807.0,1856.0,34940.0,64701.0,7085.0,4368.0,430.0,4231.0,6171.0
2025-04-09,2670.0,598.0,3785.0,43344.0,298.0,10820.0,1934.0,11733.0,14924.0,18876.0,7752.0,1731.0,5797.0,1827.0,1717.0,33507.0,61281.0,7352.0,4268.0,436.0,3734.0,6101.0
2025-04-10,2703.0,611.0,4198.0,45255.0,311.0,10773.0,1800.0,12416.0,15172.0,19424.0,7593.0,1732.0,7142.0,1769.0,2071.0,34825.0,66497.0,7425.0,4364.0,366.0,4259.0,6463.0
2025-04-11,2602.0,639.0,5983.0,47867.0,276.0,10640.0,2251.0,17106.0,15422.0,18787.0,7479.0,1873.0,11569.0,2140.0,2970.0,37660.0,84085.0,9061.0,4404.0,400.0,5699.0,9229.0
2025-04-12,2432.0,589.0,5615.0,44246.0,346.0,8614.0,3142.0,13891.0,14557.0,14096.0,6562.0,1400.0,6832.0,2022.0,2506.0,29514.0,65004.0,9821.0,3173.0,409.0,3306.0,6825.0
2025-04-13,2288.0,516.0,3804.0,41854.0,291.0,7466.0,2541.0,12354.0,13897.0,12346.0,5601.0,1355.0,5383.0,1635.0,2101.0,25037.0,49354.0,8768.0,2798.0,475.0,2588.0,4511.0
2025-04-14,3040.0,548.0,3064.0,41486.0,296.0,10030.0,2079.0,8752.0,15816.0,18653.0,7723.0,1524.0,3872.0,1659.0,1378.0,30240.0,47185.0,7260.0,4475.0,451.0,2555.0,4678.0
2025-04-15,2864.0,596.0,3529.0,45491.0,328.0,10585.0,2143.0,10309.0,14989.0,18965.0,8081.0,1643.0,5225.0,1668.0,1591.0,34009.0,56788.0,6896.0,4418.0,464.0,3683.0,5485.0
2025-04-16,2654.0,606.0,3772.0,42951.0,282.0,10629.0,2202.0,11778.0,14658.0,19004.0,7661.0,1776.0,7221.0,1763.0,1787.0,34496.0,66995.0,7196.0,4411.0,445.0,3820.0,6822.0
2025-04-17,2722.0,586.0,4110.0,42791.0,316.0,10561.0,2286.0,12703.0,14622.0,19010.0,7460.0,1773.0,9370.0,1834.0,1997.0,36253.0,72115.0,7269.0,4494.0,456.0,3968.0,7802.0
2025-04-18,2665.0,653.0,5507.0,45437.0,339.0,10519.0,2127.0,16045.0,15559.0,18631.0,7288.0,1787.0,9710.0,2169.0,2522.0,36403.0,75834.0,8716.0,4374.0,432.0,4614.0,8499.0
2025-04-19,2236.0,587.0,5614.0,43829.0,275.0,8284.0,3322.0,14418.0,14508.0,14109.0,6122.0,1340.0,7618.0,2095.0,2545.0,28827.0,63386.0,9441.0,3191.0,415.0,3049.0,6839.0
2025-04-20,2078.0,477.0,3682.0,40448.0,297.0,7899.0,2979.0,15635.0,12923.0,12260.0,5290.0,1873.0,11313.0,1766.0,2581.0,28638.0,74544.0,8217.0,2769.0,416.0,6472.0,10517.0
2025-04-21,2685.0,569.0,3199.0,39046.0,291.0,10077.0,2436.0,11596.0,14216.0,18208.0,7054.0,1761.0,9100.0,1648.0,1747.0,35500.0,71354.0,7165.0,4453.0,439.0,4243.0,8758.0
2025-04-22,2718.0,625.0,3273.0,40855.0,316.0,10430.0,2171.0,10413.0,16071.0,19084.0,7508.0,1511.0,5774.0,1783.0,1457.0,31146.0,53155.0,7857.0,4413.0,466.0,3123.0,5800.0
2025-04-23,2634.0,613.0,3839.0,41910.0,299.0,10464.0,2372.0,12379.0,14464.0,18306.0,7567.0,1867.0,8996.0,1882.0,1830.0,35659.0,68901.0,7474.0,4541.0,438.0,4255.0,8333.0
2025-04-24,2594.0,594.0,4358.0,44346.0,302.0,10710.0,2342.0,11594.0,15476.0,18982.0,7659.0,1841.0,6947.0,1912.0,1798.0,34430.0,63958.0,7493.0,4612.0,422.0,3946.0,7180.0
2025-04-25,2702.0,622.0,5838.0,47292.0,299.0,10358.0,2200.0,14246.0,15924.0,18750.0,7528.0,1738.0,7382.0,1894.0,2515.0,34441.0,68066.0,8734.0,4544.0,436.0,4140.0,7017.0
2025-04-26,2270.0,560.0,6155.0,46529.0,323.0,8961.0,3525.0,16498.0,14507.0,14287.0,6258.0,1755.0,9158.0,2045.0,3019.0,31495.0,78373.0,9293.0,3341.0,375.0,6306.0,9228.0
2025-04-27,2381.0,511.0,3633.0,42658.0,343.0,7908.0,2789.0,14963.0,13750.0,12529.0,5335.0,1816.0,8449.0,1775.0,2260.0,27888.0,67982.0,8779.0,3010.0,498.0,5055.0,7161.0
2025-04-28,2616.0,476.0,3525.0,41148.0,303.0,10148.0,2309.0,9929.0,14397.0,18492.0,7568.0,1670.0,6757.0,1575.0,1690.0,33995.0,55497.0,7215.0,4536.0,386.0,3706.0,6742.0
2025-04-29,2693.0,538.0,3771.0,41845.0,299.0,10397.0,2245.0,10821.0,14954.0,18924.0,7204.0,1658.0,7297.0,1633.0,1683.0,34261.0,60694.0,7030.0,4531.0,427.0,3827.0,7324.0
2025-04-30,2552.0,602.0,5067.0,42674.0,300.0,9958.0,2107.0,15077.0,14765.0,18581.0,7236.0,1810.0,10566.0,1947.0,2320.0,35970.0,75525.0,8330.0,4544.0,399.0,4517.0,9168.0
2025-05-01,2167.0,523.0,3815.0,38729.0,290.0,7747.0,1895.0,12232.0,13594.0,13532.0,5858.0,1496.0,6178.0,1755.0,1987.0,26828.0,55955.0,8335.0,3136.0,442.0,2698.0,5293.0
2025-05-02,2659.0,618.0,4898.0,44337.0,318.0,9776.0,2040.0,13316.0,14418.0,16739.0,7984.0,1796.0,7821.0,2056.0,2453.0,33669.0,69072.0,8656.0,4179.0,409.0,4482.0,7448.0
2025-05-03,2332.0,553.0,5303.0,42131.0,301.0,7933.0,3089.0,13208.0,13775.0,12823.0,6348.0,1433.0,6580.0,1989.0,2488.0,27243.0,61845.0,8915.0,3045.0,458.0,3526.0,5997.0
2025-05-04,2130.0,491.0,4896.0,39288.0,279.0,7809.0,2558.0,14189.0,12750.0,12044.0,5772.0,1757.0,7829.0,2074.0,2557.0,27266.0,68346.0,8347.0,2801.0,424.0,6382.0,7992.0
2025-05-05,2204.0,423.0,4630.0,35364.0,277.0,6598.0,2042.0,12845.0,12041.0,11008.0,5361.0,1129.0,6615.0,1771.0,2230.0,23681.0,55031.0,8165.0,2680.0,386.0,4299.0,5654.0
2025-05-06,2074.0,457.0,3008.0,33178.0,258.0,6482.0,1822.0,11664.0,11472.0,11528.0,5012.0,1404.0,6755.0,1499.0,1926.0,23859.0,55494.0,7329.0,2822.0,401.0,4497.0,6245.0
2025-05-07,2707.0,705.0,3106.0,38429.0,335.0,10281.0,1884.0,10230.0,13452.0,18009.0,7542.0,1610.0,6068.0,1567.0,1584.0,32405.0,60301.0,6842.0,4435.0,399.0,3322.0,6409.0
2025-05-08,2723.0,675.0,3179.0,39425.0,301.0,10071.0,1766.0,11205.0,14182.0,18401.0,8284.0,1626.0,8171.0,1581.0,1611.0,33597.0,67217.0,7267.0,4315.0,392.0,3681.0,7636.0
2025-05-09,2752.0,610.0,4614.0,42118.0,329.0,9856.0,1657.0,12502.0,16201.0,17927.0,7429.0,1371.0,5166.0,1774.0,2054.0,30139.0,55719.0,9012.0,4233.0,442.0,2942.0,5534.0
2025-05-10,2334.0,616.0,5646.0,42910.0,330.0,7845.0,1572.0,13786.0,13962.0,13698.0,6715.0,1209.0,6668.0,1944.0,2319.0,26153.0,57004.0,9564.0,3233.0,413.0,2532.0,5849.0
2025-05-11,2310.0,605.0,4058.0,40633.0,322.0,7674.0,1474.0,14924.0,13378.0,12472.0,6265.0,1700.0,8783.0,1742.0,2337.0,26913.0,64172.0,8854.0,2948.0,440.0,4876.0,7214.0
2025-05-12,2685.0,618.0,3246.0,38869.0,313.0,10168.0,1356.0,10552.0,13055.0,17953.0,7049.0,1570.0,7566.0,1657.0,1406.0,34304.0,64702.0,6902.0,4297.0,410.0,3719.0,7388.0
2025-05-13,2651.0,648.0,3662.0,40455.0,292.0,10545.0,1669.0,12256.0,14526.0,18858.0,8330.0,1628.0,9172.0,1690.0,1815.0,35581.0,72666.0,7177.0,4424.0,429.0,3667.0,8404.0
2025-05-14,2668.0,634.0,3920.0,39281.0,315.0,10246.0,1797.0,12851.0,14149.0,18534.0,7950.0,1882.0,10450.0,1772.0,1820.0,34787.0,76373.0,7573.0,4230.0,406.0,3996.0,8964.0
2025-05-15,2693.0,660.0,4238.0,40417.0,294.0,10229.0,1643.0,12039.0,15397.0,19252.0,8307.0,1673.0,7130.0,1729.0,1888.0,33459.0,66120.0,7574.0,4342.0,437.0,3428.0,7005.0
2025-05-16,2525.0,619.0,5078.0,41528.0,337.0,10046.0,1832.0,14052.0,16265.0,18577.0,7987.0,1437.0,6554.0,1693.0,2162.0,31334.0,61679.0,9641.0,4333.0,441.0,2975.0,6466.0
2025-05-17,2036.0,575.0,5865.0,44617.0,297.0,8330.0,3144.0,15590.0,13969.0,14393.0,6628.0,1445.0,9595.0,2124.0,2606.0,30058.0,74347.0,9777.0,3170.0,421.0,3951.0,8752.0
2025-05-18,2232.0,477.0,4031.0,40288.0,314.0,7739.0,2713.0,14786.0,13224.0,12972.0,6534.0,1709.0,9457.0,1861.0,2365.0,27114.0,69370.0,8311.0,2955.0,379.0,5931.0,8572.0
2025-05-19,2857.0,569.0,3329.0,39210.0,301.0,10096.0,2277.0,9934.0,14474.0,18695.0,7881.0,1499.0,5651.0,1687.0,1431.0,32703.0,57951.0,6809.0,4408.0,422.0,3022.0,6234.0
2025-05-20,2523.0,577.0,3300.0,38554.0,287.0,10230.0,2195.0,11839.0,13882.0,18726.0,7224.0,1542.0,10175.0,1722.0,1640.0,34375.0,71326.0,6880.0,3972.0,406.0,3350.0,8914.0
2025-05-21,2489.0,586.0,3431.0,37388.0,285.0,10115.0,2018.0,12775.0,13990.0,18384.0,7217.0,1738.0,11566.0,1787.0,1805.0,33762.0,76850.0,7206.0,3744.0,408.0,3395.0,10879.0
2025-05-22,2456.0,613.0,3583.0,38581.0,302.0,10325.0,2150.0,13516.0,14418.0,18759.0,7518.0,1807.0,11594.0,1733.0,1901.0,34488.0,75428.0,7246.0,4037.0,429.0,3462.0,10002.0
2025-05-23,2497.0,586.0,5278.0,43460.0,292.0,10450.0,2062.0,14088.0,15379.0,18546.0,7577.0,1690.0,7529.0,2016.0,2210.0,34354.0,70466.0,8838.0,4212.0,459.0,3812.0,7751.0
2025-05-24,2222.0,603.0,6548.0,45668.0,298.0,8803.0,3067.0,15175.0,15003.0,14607.0,6495.0,1600.0,8136.0,2080.0,2660.0,29679.0,71442.0,9298.0,3211.0,454.0,5364.0,7389.0
2025-05-25,2356.0,561.0,4060.0,42011.0,346.0,8271.0,2866.0,16399.0,14357.0,13043.0,5579.0,1777.0,11113.0,1998.0,2541.0,28648.0,73534.0,8833.0,3039.0,462.0,6097.0,10141.0
2025-05-26,2639.0,552.0,3319.0,38957.0,269.0,10726.0,2392.0,11078.0,14045.0,18452.0,7156.0,1672.0,8495.0,1703.0,1630.0,35112.0,67487.0,6879.0,4400.0,404.0,3617.0,8829.0
2025-05-27,2554.0,617.0,3722.0,40276.0,306.0,10825.0,2568.0,12749.0,14747.0,18894.0,7114.0,1722.0,9957.0,1760.0,1727.0,35579.0,71286.0,7199.0,4378.0,405.0,3639.0,9228.0
2025-05-28,2559.0,559.0,3764.0,39483.0,321.0,10692.0,2368.0,12285.0,14849.0,19028.0,6942.0,1711.0,9819.0,1806.0,1737.0,34561.0,68158.0,7152.0,4534.0,403.0,3604.0,8724.0
2025-05-29,2551.0,597.0,3883.0,40739.0,361.0,10690.0,2273.0,12790.0,14715.0,18834.0,7679.0,1769.0,10117.0,1840.0,1745.0,35357.0,73314.0,7377.0,4565.0,421.0,3473.0,9441.0
2025-05-30,2569.0,633.0,5599.0,44097.0,287.0,10826.0,2111.0,15894.0,15355.0,18682.0,7597.0,1824.0,12576.0,2107.0,2592.0,36341.0,84492.0,8458.0,4487.0,415.0,4452.0,11112.0
2025-05-31,1850.0,593.0,6436.0,43591.0,327.0,8624.0,2980.0,18140.0,14357.0,14257.0,6276.0,1698.0,12614.0,2182.0,3003.0,32363.0,89746.0,9343.0,3246.0,384.0,5631.0,12250.0
2025-06-01,1942.0,508.0,3480.0,36119.0,309.0,7219.0,2413.0,15187.0,12909.0,12509.0,5064.0,1539.0,13098.0,1675.0,2419.0,27622.0,76481.0,7853.0,2918.0,441.0,4708.0,11560.0
2025-06-02,2532.0,529.0,4685.0,39602.0,317.0,9875.0,2161.0,13375.0,14833.0,17886.0,6555.0,1555.0,9235.0,1836.0,2229.0,33860.0,65242.0,7898.0,4479.0,417.0,3622.0,7862.0
2025-06-03,2278.0,425.0,3130.0,37271.0,320.0,7479.0,2010.0,17750.0,12890.0,12831.0,4761.0,1496.0,10792.0,1863.0,2430.0,27453.0,68870.0,8268.0,3071.0,438.0,4659.0,10379.0
2025-06-04,2676.0,512.0,3175.0,38319.0,321.0,10268.0,2064.0,12286.0,13946.0,18905.0,6647.0,1659.0,8374.0,1678.0,1725.0,33396.0,69238.0,6973.0,4633.0,417.0,3636.0,8607.0
2025-06-05,2541.0,557.0,4726.0,42000.0,307.0,10280.0,2111.0,15390.0,14998.0,18475.0,6945.0,1776.0,10768.0,2032.0,2350.0,34926.0,79021.0,7979.0,4538.0,372.0,4011.0,10682.0
2025-06-06,2031.0,442.0,4738.0,38707.0,309.0,7742.0,1770.0,17619.0,13249.0,13027.0,5146.0,1671.0,13320.0,2168.0,2952.0,29988.0,90702.0,8578.0,3123.0,400.0,5411.0,14197.0
2025-06-07,2275.0,478.0,4858.0,39224.0,296.0,8446.0,2532.0,16172.0,13997.0,14010.0,5321.0,1465.0,11710.0,1873.0,2690.0,30622.0,83946.0,8573.0,3206.0,417.0,5094.0,12298.0
2025-06-08,2209.0,427.0,2980.0,35930.0,327.0,7284.0,2181.0,16226.0,12937.0,12495.0,4703.0,1489.0,12483.0,1649.0,2220.0,27760.0,76089.0,8146.0,3028.0,476.0,3845.0,11977.0
2025-06-09,2613.0,429.0,2777.0,35792.0,289.0,10295.0,2077.0,11295.0,14164.0,18492.0,6362.0,1500.0,10290.0,1581.0,1596.0,35383.0,72167.0,6679.0,4625.0,414.0,3334.0,11133.0
2025-06-10,2702.0,542.0,2933.0,39737.0,263.0,10713.0,2096.0,11872.0,15011.0,18820.0,6707.0,1622.0,8931.0,1668.0,1553.0,35544.0,68835.0,7197.0,4506.0,436.0,3632.0,9519.0
2025-06-11,2588.0,541.0,3344.0,39380.0,276.0,10457.0,2047.0,12354.0,14299.0,18862.0,6478.0,1745.0,11108.0,1796.0,1833.0,35197.0,74714.0,7067.0,4563.0,468.0,3657.0,10587.0
2025-06-12,2441.0,485.0,3842.0,39140.0,286.0,10363.0,1999.0,13218.0,14573.0,19490.0,6531.0,1828.0,12926.0,1773.0,1819.0,36020.0,81180.0,7010.0,4688.0,387.0,3611.0,12071.0
2025-06-13,2551.0,647.0,5052.0,42390.0,297.0,10467.0,1764.0,14485.0,15423.0,18867.0,6541.0,1494.0,9873.0,1946.0,2183.0,34980.0,75909.0,8907.0,4583.0,384.0,3177.0,10609.0
2025-06-14,2101.0,584.0,5524.0,41768.0,285.0,8808.0,2878.0,17396.0,13986.0,14621.0,5451.0,1513.0,15087.0,2086.0,2961.0,32743.0,95638.0,8958.0,3420.0,455.0,4244.0,15153.0
2025-06-15,2131.0,445.0,3206.0,35101.0,271.0,7354.0,2237.0,13708.0,12667.0,12445.0,4539.0,1275.0,12067.0,1659.0,2005.0,27229.0,74642.0,7891.0,3043.0,414.0,2708.0,11860.0
2025-06-16,2803.0,548.0,2957.0,37503.0,303.0,10208.0,1857.0,10473.0,14630.0,19146.0,6224.0,1445.0,7829.0,1631.0,1562.0,33933.0,64299.0,6768.0,4721.0,424.0,3103.0,8563.0
2025-06-17,2584.0,548.0,3413.0,38605.0,274.0,10626.0,2071.0,11981.0,14404.0,19137.0,6268.0,1592.0,11687.0,1804.0,1727.0,36289.0,76282.0,6852.0,4629.0,414.0,3337.0,11258.0
2025-06-18,2425.0,582.0,3357.0,37309.0,275.0,10624.0,2005.0,12520.0,14283.0,19097.0,6301.0,1828.0,11874.0,1778.0,1743.0,35425.0,78216.0,6968.0,4553.0,436.0,3511.0,12253.0
2025-06-19,2685.0,593.0,4100.0,38702.0,307.0,10430.0,2081.0,12885.0,14742.0,19237.0,6145.0,1616.0,13477.0,1732.0,1921.0,35671.0,84061.0,7130.0,4751.0,459.0,3171.0,13260.0
2025-06-20,2618.0,629.0,4324.0,40117.0,329.0,9897.0,1732.0,13535.0,16682.0,18393.0,6125.0,1304.0,7235.0,1916.0,2297.0,30617.0,59308.0,9228.0,4392.0,467.0,2573.0,7747.0
2025-06-21,1929.0,531.0,5878.0,43542.0,294.0,8245.0,2655.0,16188.0,13759.0,14148.0,5167.0,1513.0,11616.0,2036.0,3470.0,30537.0,75871.0,9010.0,3305.0,428.0,3900.0,9725.0
2025-06-22,2297.0,493.0,3694.0,38646.0,294.0,7667.0,2176.0,16675.0,13585.0,12803.0,4581.0,1566.0,12966.0,1907.0,3216.0,28756.0,77044.0,8452.0,3007.0,496.0,3937.0,11565.0
2025-06-23,2533.0,530.0,3355.0,37030.0,276.0,10287.0,2031.0,11406.0,13958.0,18722.0,5821.0,1532.0,11972.0,1682.0,2735.0,35731.0,77618.0,6691.0,4666.0,432.0,3247.0,11832.0
2025-06-24,2711.0,538.0,3327.0,39435.0,249.0,10391.0,1890.0,11210.0,15229.0,19444.0,5882.0,1429.0,8715.0,1673.0,2525.0,34752.0,61020.0,7176.0,4706.0,494.0,3063.0,9747.0
2025-06-25,2623.0,579.0,3484.0,39160.0,264.0,10367.0,1790.0,10683.0,15546.0,18826.0,6088.0,1634.0,7023.0,1724.0,2243.0,31841.0,57378.0,7586.0,4555.0,401.0,2609.0,7302.0
2025-06-26,2599.0,520.0,4721.0,42713.0,264.0,10408.0,1912.0,12502.0,15370.0,19342.0,6134.0,1749.0,9766.0,1810.0,2767.0,34669.0,69904.0,7181.0,4593.0,457.0,3436.0,8541.0
2025-06-27,2568.0,544.0,5572.0,42250.0,327.0,10203.0,1926.0,15949.0,15032.0,18658.0,6042.0,1710.0,12829.0,2023.0,3531.0,35318.0,82163.0,8387.0,4550.0,391.0,3339.0,11405.0
2025-06-28,2071.0,497.0,5723.0,39903.0,266.0,7790.0,2552.0,16649.0,13477.0,13930.0,4841.0,1386.0,12926.0,1899.0,3421.0,29720.0,81254.0,9061.0,3279.0,437.0,3010.0,11936.0
2025-06-29,2137.0,396.0,3438.0,33748.0,272.0,7085.0,2037.0,14350.0,12446.0,12151.0,4205.0,1311.0,12527.0,1603.0,2694.0,26191.0,72667.0,7676.0,2876.0,438.0,2839.0,11449.0
2025-06-30,2696.0,508.0,3176.0,36965.0,267.0,9864.0,2302.0,11574.0,13305.0,18413.0,5662.0,1615.0,12447.0,1703.0,2156.0,35423.0,76584.0,6697.0,4572.0,383.0,2773.0,11986.0
