keyword,title,description,content,link,bloggername,postdate,crawled_at
세븐일레븐 롯데 포켓델리베지스틱,노브랜드 25년 6월 넷째주 10주년 기획 할인 정보(~7월 3일),"25L 1,590원 펩시제로 슈거 모히토 리유저블백 7,480원 토레타 900ml 1,240원 심플잇 현미 포켓... 시티델리 버섯 필라프 김치&amp;참치 1+1 3,980원 시티델리 햄&amp;야채 필라프 1+1 3,980원 빠통고 2,988원... ","​
오랜만에 노브랜드~
6월 26일 내일까지 할인, 6월 30일까지 할인, 7월 3일까지 할인, 재고 소진시까지 할인인 상품 있으니 날짜 잘보세요.
​
팔도 왕뚜껑 5,980원
​
미에로화이바 솔트레몬 1+1 1,880원
​
펩시콜라 1.25L 1,590원
칠성사이다 1.25L 1,590원
​
펩시제로 슈거 모히토 리유저블백 7,480원
​
토레타 900ml 1,240원
​
심플잇 현미 포켓 누룽지 4,990원
​
맥널티 복숭아 아이스티 제로 6,900원
맥널티 청포도 아이스티 제로 6,900원
​
폴라레티 후르츠 2,480원
폴라레티 해피 썸머 2,480원
​
얼려먹는 꼬미루미 요구르트맛 2,990원
얼려먹는 꼬미루미 사과 요구르트 2,990원
​
팔도 왕라면 스프 1+1 4,800원
팔도 틈새라면 스프 1+1 4,800원
​
노브랜드 우리 쌀밥 한공기 680원
​
노브랜드 오리지널 바움쿠헨 3,980원
​
노브랜드 치즈 바움쿠헨 3,980원
​
노브랜드 초콜릿 바움쿠헨 3,980원
​
삼립 옥수수 꿀호떡 요요 1,980원
​
소보로 파운드 5,980원
​
예쓰의 케이크 가게 1,980원
​
버터링 딥 코코넛 커피맛 3,780원
​
크라운 초코하임 18개입 3,980원
​
초코송이 딸기 2,480원
​
홈런볼 메론우유 4,980원
​
추억의 부드러운 강냉이 3,480원
​
콘칲 초당 옥수수맛 1,980원
​
풀무원 자연은 맛있다 직화짜장 2,725원
​
종근당건강 락토핏 코어 13,900원
​
얼려먹는 무알콜 모히또 1+1 5,480원
​
보바 모찌 타이 밀크티향
​
보바 모찌 브라운슈거향 2,980원
​
참 잘했어요 코인 초콜릿 880원
​
몬스터 마시멜로우 팝스 3,980원
​
맥널티 보리차 진액 1+1 14,900원
맥널티 옥수수 수염차 진액 1+1 14,900원
​
G7 퓨어 블랙 커피 10,980원
​
본고장 부드러운 쫄면 1,990원
본고장 여름엔 냉우동 1,490원
​
시티델리 버섯 필라프 김치&참치 1+1 3,980원
시티델리 햄&야채 필라프 1+1 3,980원
​
빠통고 2,988원
​
노브랜드 훈제 연어 6,980원
​
참숯에 구운 직화 막창 8,980원 2개 구매 시 4천원 할인
참숯에 구운 직화 백막창 8,980원
​
CJ 고메 소바바치킨 양념 순살 4,886원
CJ 고메 소바바치킨 소이 허니 4,886원
​
아워홈 고려 삼계탕 7,980원
아워홈 푹고은 사골 설렁탕 3,980원
​
한반 완도 전복 미역국 5,990원
​
냉동 블루베리 1.5kg 12,980원
냉동 딸기 1.5kg 8,980원
​
엘라스틴 히말라야 그린허브 샴푸 4,950원
​
오뚜기 3분 카레 약간 매운맛 2+1 1,980원
오뚜기 3분 카레 순한맛 2+1 1,980원
​
마니커 크런치팝 스윗허니맛 4,490원
​
온더고 리얼 통 모짜치즈&불닭 1+1 6,980원
온더고 전주식 소고기 오색 비빔밥 1+1 6,980원
​
풀무원 올바른 핫도그 4,740원
​
한입 닭가슴살 6,286원
​
노브랜드 알카라인 건전지 32개입 8,980원
​
나뚜루 1+1 14,900원
​
CJ 고메 스윗 치즈 피자 1+1 9,980원
CJ 고메 토마토 치즈 피자 1+1 9,980원
​
오봉집 칼낙지 7,350원
오봉집 막국수 6,480원
​
롯데 의성마늘 프랑크 7,240원
​
대림 부어스트 콤비 4,480원
​
풀무원 두유면 들기름 막국수 5,980원
풀무원 두유면 동치미 냉면 5,980원
​
풀무원 하루 요거트 설탕 무첨가 플레인 6,980원
​
산양 프로틴 슬라이스 치즈 4,990원
​
담백한 베이컨 1+1 4,980원
​
첨벙 물회 14,800원
​
백 명란 4,186원
양념 명란 4,186원
​
오징어젓 6,980원
​
도루코 엑셀레트로 기획 세트 19,900원
​
온더버디 수퍼보타닉 라벤더 바디워시 4,950원
​
글라코 유막 제거제+발수 코팅제 세트 24,980원
​
유한젠 과탄산소다 7,980원
​
유한락스 욕실 청소 7,980원
유한락스 곰팡이 7,980원
​
청정원 쉐프의 치킨 스톡 5,450원
​
NPV 착즙 주스 오렌지 2,990원
델몬트 콜드 오렌지 2,740원
​
노브랜드 편안한 운동화 29,980원
​
위생장갑 980원
​
에어 써큘레이터 26,800원
​
베이직 선풍기 31,800원
​
BLDC 리모컨 선풍기 56,800원
​
오뚜기 진비빔면 2,780원
​
오뚜기 스낵면 2,780원
​
바프 고구마 말랭이 7,800원
​
머거본 허니 버터 아몬드 4,490원
​
해피홈 쿨액 6,980원
​
고소하고 맛있는 시골김 16봉 4,480원
​
심플 한입 꾸이 3,990원
​
혼합 12곡 1+1 9,980원
​
오리지널 마요네즈 2,624원
​
롤백 1,680원
​
국휘 사케 후츠슈 레드 잔기획 24,800원
​
신비 복숭아 1+1 9,980원
코스트코, 트레이더스보다 저렴
​
천도 복숭아 800g 6,986원
​
10주년 기념 스낵 꾸러미 9,480원
​
해태 허니버터칩 캐슬 갈립브레드맛 2,580원
​
노브랜드 사과당 애플 버터 트위스트 1,280원
​
서귀포 하우스 감귤 800g 8,960원
​
성주 참외 1.2kg 7,980원
​
컷 파인애플 7,980원
​
감자 1kg 2,786원
​
깐마늘 400g 5,480원
​
의성 마늘 계란 15개입 4,980원
​
훈제 오리 슬라이스 14,980원
​
참숯 시즈닝 삼겹살 스테이크 13,980원
​
노브랜드 종합어묵 1kg 3,880원
​
미역 냉국 2,980원
​
크라비 2,980원
​
노브랜드 썰은 김치 4kg 15,980원
​
노브랜드 4가지맛 양념 새우살 1+112,800원
​
두툼한 손질 오징어 500g 9,800원
​
냉동 삼겹살 바로구이 1kg 9,980원
​
페루산 냉동 애플 망고 1kg 8,980원
​
칠레산 냉동 레몬 1+1 4,980원
​
굿모닝 밀크 1,500원 1인 2개
​
베지 피자 3,980원
​
아카시아 타원 접시 6,860원
아카시아 원형 접시 7,560원
아카시아 우드볼 10,360원
아카시아 다용도볼 11,760원
​
노브랜드 노르웨이 고등어살 15,980원
​
양장피 6,980원
​
명가 교동 쟁반 짜장 7,980원
​
사리원 훈제 오리 무쌈 9,980원
​
노브랜드 유기농 사과 주스 1,980원
​
당도선별 수박 8kg 16,800원
​
고당도 양구 메론 7,980원
​
칠레산 레드 글로브 1+1 7,980원
​
제스프리 골드키위 점보 8,980원
​
스테비아 대추 방울토마토 1kg 1+1 7,990원
트레이더스보다 저렴
​
라이스큐 새청무 10kg 27,800원
​
우르오스 페이스 워시 10,560원
​
우르오스 스킨 밀크 23,760원
우르오스 스킨 로션 23,760원
​
로얄 듀크 28,320원
​
천연 펄프 화장지 27m*30롤 9,980원
​
노브랜드 버터쿠키 2,980원
​
노브랜드 살코기 참치 6,980원
​
다농원 진짜 청포도 베이스 6,980원
다농원 진짜 납작 복숭아 베이스 6,980원
​
버터구이 대왕 오징어 6,490원
​
스마일 썸머링 30입 7,040원
​
※가격 인상
맥심 화이트 골드 39,780원(37,280원)
맥심 모카 골드 39,780원(37,280원)
​
※관심상품
깨깨 확깨 스틱 3,980원
​
노브랜드 완두콩 스리라차 2,480원
​
모둠 튀김 5,480원
고구마 튀김, 연근 튀김, 단호박 튀김, 오징어 튀김, 새우 튀김
​
잉글리쉬 스콘 5,480원
​
페퍼로니 콤비 샌드위치 6,980원
베이컨 스크램블 치아바타 샌드위치 6,980원
불고기 치즈 토스트 샌드위치 6,980원
​
제임슨 티스푼 딸기 말차 라떼 7,580원
​
롯데 빈츠 2,640원
​
노브랜드 3겹 화장지 10,580원
​
5단 접이식 잠자리채 4,800원
​
블루 아가베 시럽 3,980원
​
시골 들기름김 9봉 3,980원
​
#노브랜드과일청
​
노브랜드 사과당 애플 시나몬잼 3,980원
​
까망 애플 수박 3kg 미만 8,980원
​
노브랜드 미니 카스텔라 인절미 1,980원
노브랜드 미니 흑임자 인절미 1,980원
​
인생은 달콤 쌉쌀 쌍화 라떼 1,480원
​
간편한 유부초밥 5,680원
​
캐치티니핑 하츄핑 큰방울 버블 스틱 5,800원
​
시나모롤 양치컵 세트 6,800원
​
노브랜드 냉동 닭가슴살 1kg 7,980원
​
노브랜드 냉동 닭목살 1kg 9,980원
​
노브랜드 냉동 꽃삼겹살 1kg 14,980원
​
키조개 관자살 7,980원
​
시래기 감자탕 볶음밥 4,580원
​
감숙왕 바나나 3개입 1,580원
​
아이스 롤리 과일맛 3,980원
​
해태 오예스 요것이 그릭습니다  5,580원
​
미니 계란빵 3,980원
​
옥수수 필링빵 3,980원
​
데일리 콤부차 요구르트맛 8,980원",https://blog.naver.com/ymwoo82/223911396475,♡알아두면 쓸모있는 마트 정보♡,20250625,2026-04-27 16:18:32
세븐일레븐 롯데 포켓델리베지스틱,세븐일레븐 편의점신상 3월 둘째 주 신상,"마음 세븐일레븐에서 달래보아요! ★。-—따끈한 신상 라인업 —。★ 최강록의 간장들기름비빔밥️4,900원 최강록의 로스팜에그샌드️3,200원 포켓델리 베지스틱️2,900원 포켓델리 햄... ","#세븐신상
🛒3월 둘째 주 신상Pick🛒
이번 세븐일레븐 신상을 먹어본 사람 : 너무 맛있어😱
와르르 쏟아지는 신상에
벌써부터 마음이 두근두근!💓
💟 일식전문 최강록 셰프 콜라보 2종
💟 건강하게 즐기는 핑거푸드, 포켓델리 2종
💟 달콤한 밤의 풍미 가득, 바밤바 콜라보 2종
💟 중식여신 박은영 셰프 콜라보
연휴 끝나고 허한 마음 세븐일레븐에서 달래보아요!🤗
★。-—따끈한 신상 라인업 —。★
최강록의 간장들기름비빔밥🏷️4,900원
최강록의 로스팜에그샌드🏷️3,200원
포켓델리 베지스틱🏷️2,900원
포켓델리 햄&포테이토 샐러드🏷️2,900원
바밤바 꿀밤생크림빵🏷️3,500원
바밤바 알밤크림빵🏷️2,500원
박은영셰프의 유산슬탕면큰컵🏷️3,600원
#세븐일레븐
#신상pick
​
출처
https://www.instagram.com/p/DG_wnmjh2Vy/?img_index=5&igsh=MW81anI1a21iM3BrZA==
​",https://blog.naver.com/hapmi24/223793083988,빵장‘s,20250312,2026-04-27 16:18:34
세븐일레븐 롯데 포켓델리베지스틱,세븐일레븐 신상 Pick,세븐일레븐 3월 신상 Pick  최강록의 간장들기름비빔밥 4900원  최강록의 로스팜 에그샌드 3200원 ∨ 촉촉한 한입샌드  포켓델리 베지스틱 2900원 ∨ 3색 채소 핑거푸드  포켓델리 햄 &amp; 포테이토 샐러드 2900원... ,"💖
​
세븐일레븐
​
3월 신상 Pick
​
🧡
​
최강록의 간장들기름비빔밥
4900원
​
💛
​
최강록의 로스팜 에그샌드
3200원
​
∨ 촉촉한 한입샌드
​
💚
​
포켓델리 베지스틱
2900원
​
∨ 3색 채소 핑거푸드
​
💚
​
포켓델리 햄 & 포테이토 샐러드
2900원
​
∨ 사라다 스타일
​
🤎
바밤바 꿀밤생크림빵
3500원
​
∨ 밤향가득생크림
​
🧡
​
바밤바 알밤크림빵
2500원
​
∨ 깊은 밤의 풍미
​
❤️
​
박은영셰프의 유산슬탕면 큰컵
3600원
​
∨ 중식여신레시피
​
​
도움이 되셨다면
공감
부탁드려요 💓
​
#세븐일레븐신상인기추천템
#cugs25이마트24편의점신상인기추천상품
#세븐일레븐바밤바크림빵가격
#세븐일레븐박은영셰프유산슬탕면가격
#세븐일레븐최강록들기름비빔밥가격
#세븐일레븐저당단백질채소상품제품
#홈플러스이마트롯데마트핫딜할인이벤트
#홈플러스이마트롯데마트신상추천인기제품상품
#이마트전단행사
#홈플러스전단행사
#롯데마트전단행사
#코스트코전단행사
#이마트트레이더스전단행사
#gs더프레쉬전단행사
#이번달마트휴무일
#앱테크
#마트무료적립금포인트
#홈플러스이마트롯데마트할인쿠폰
#올바른소비블로그
#올소블로그
​",https://blog.naver.com/enjoy--/223791468241,올바른소비 블로그,20250311,2026-04-27 16:18:35
세븐일레븐 롯데 포켓델리베지스틱,7월 2주차 신제품,"108겹 스틱파이 GS25 - 컵델리 3종 메추리알 마요 샐러드, 갈비맛 닭강정, 간장반숙란. GS25 - 속이 보이는... 세븐일레븐 - 골드핑거 치킨세트 세븐일레븐 - 파스키에 팡올레 세븐일레븐 - 세븐셀렉트 착한 에이드... ","맥도날드 - 네 번째 한국의 맛 시리즈
​
진도 고추 크림치즈 버거, 진도 고추 크림치즈 머핀, 영동 샤인 머스캣 맥피즈.
​
​
​
노브랜드 버거 - 김치 버거 2종
​
에그김치 버거, 햄에그김치 버거. 얼마전 칙바이칙에 이어 노브랜드에서도 김치버거가 나왔습니다. 후기로는 꽤 조화롭고 맛있다는 것 같습니다. 시험이 끝나면 한 번 먹어봐야겠습니다.
​
​
​
도미노피자 - K-Rib & 치즈 피자
​
​
​
​
네네치킨 - 스노윙 맥스
​
찍어바요 소스라는 바질마요 소스와 함께 제공된다고 합니다. 후기들을 보면 맛이 나쁘지 않은 것 같습니다.
​
​
​
치킨마루 - 핫 크리스피
​
​
​
​
기영이숯불두마리치킨 - 까만양념 숯불치킨
​
마늘, 고추가 들어간 간장 베이스 치킨이라고 합니다.
​
​
​
돈치킨 - 핫로스트 치킨
​
​
​
​
감탄계 숯불치킨 - 핵불당면 양념구이
​
​
​
​
홈플러스 - 치킨 2종
​
당당 허브후라이드 치킨 콤보, 홈플식탁 갈비왕 오븐치킨.
​
​
​
바른치킨 - 치즈볼 4종
​
고구마치즈볼, 갈릭치즈볼, 초코퍼지볼, 애플파이볼.
​
​
​
스쿨푸드 - 학교 앞 떡볶이
​
​
​
​
백소정 - 우동 2종, 사이드 2종
​
에비텐 붓가케 우동, 가라아게 붓가케 우동, 사이드 (타코야끼, 모찌리도후).
​
​
​
담꾹 - 여름 보양식 2종
​
한돈 백불고기, 버섯 대파 육개장. 육개장은 그렇다쳐도 불고기가 보양식이라기엔 조금 포지션이 다르지 않나 싶습니다.
​
​
​
도제 - 여름 시즌 한정 메뉴 3종
​
소바유부, 소바유부롤, 미니소바.
​
​
​
청담동샤브 - 찜냉 샤브
​
차갑게 먹는 샤브샤브라고 해서 흥미로워 가져와봤습니다. 재료를 편백나무에 쩌낸 후 새콤달콤한 육수에 담가먹는 메뉴라고 합니다.
​
​
​
크리스피 프레시 -
체리 프로틴 플레이트 4종, 체리 음료 1종, 체리 요거트 1종
​
플레이트 (
체리 비프 스테이크 플레이트, 체리 치킨 플레이트, 체리 허니갈릭 치킨 플레이트, 체리 이베리코 포크 플라이트
), 프레시 체리 에이드, 프레시 체리 요거트.
동원홈푸드에서 운영하는 샐러드 카페라는데 신기해서 가져와봤습니다. 메뉴는 미국 북서부 체리협회와 협업해 출시했다고 합니다.
​
​
​
와플대학 - 브런치 시리즈 3종
​
에그마요 샌드와플, 사과는 햄복햄 샌드와플, 한여름의 카프레제 샌드와플.
와플대학 선릉캠퍼스에서 만날 수 있고 추후 광주도천캠퍼스, 광주월산캠퍼스, 오산세교수청 캠퍼스에서도 판매될 예정이라고 합니다.
​
​
​
에그드랍 - 토스트 샌드 3종
​
딸기피넛 샌드, 딸기 크림 프렌치 토스트, 햄 치즈 갈릭 샌드.
​
​
​
커피빈 - 여름 시즌 음료 5종
​
콜드브루 토닉, 헤이즐넛 콜드브루 아이스 블렌디드, 스파클링 제주 청귤 민트 티, 제주 청귤 민트 티, 매화 자스민 자몽 아이스 블렌디드.
​
​
​
달콤커피 - 도라에몽 음료 3종, 베이커리 1종
​
도라에몽 소다요거트 블렌디드, 도라미 옐로우 수박주스, 진구 바나나라떼, 도라에몽 단팥우유 크림빵.
​
​
​
커피에반하다 - 워터젤리 음료 4종
​
코코 (커피/망고)젤리워터(only ice), (커피/망고)젤리 밀크쉐이크, (커피/망고) 젤리 소프트.
​
​
​
파스쿠찌 - 여름과일 음료 4종
​
그라니따 2종 (멜론젤리 그라니따, 자두젤리 그라니따), 이탈리안 크림소다 2종 (패션레몬 크림소다, 청포도레몬 크림소다)
​
​
​
쥬씨 - 복숭아 음료 2종
​
백도 복숭아주스, 천도 복숭아주스.
​
​
​
콩카페 - 음료 2종, 쩨 2종
​
수박주스, 화이트펄 워터멜론, 오리지널 쩨, 망고 쩨.
쩨는 콩, 과일, 타피오카 등의 재료를 이용해 만드는 음료나 스프로 얼음을 넣어 먹을 수 있어 베트남 빙수라고도 불리는 음식이라고 합니다.
​
​
​
공차 - 미니펄 코코넛 음료 3종
​
코코넛 밀크+미니펄, 코코넛 블랙 밀크티, 코코넛 밀크 스무디 + 펄.
​
​
​
달콤왕가탕후루 - 복숭아탕후루 재출시
​
여름 시즌 한정으로 재출시했다고 합니다. 문득 아이스티에 꽂아서 판매해도 식감은 떨어지겠지만 나쁘지 않을 것 같다는 생각이 듭니다.
​
​
​
더벤티 - 커피번 2종
​
커피크림 커피번, 우유크림 커피번.
​
​
​
뚜레쥬르 - ㅋㅋㅋ아이스박스
​
​
​
​
배스킨라빈스 - 트로피컬 썸머 플레이
​
구글플레이와 함께 AI 인공지능을 활용해 개발했다고 합니다.
​
​
​
배스킨라빈스 - 제주 생애플망고 빙수 플래터
​
호텔이나 개인 카페에서만 볼 수 있었던 제주 애플망고 빙수가 배라에도 나왔습니다. 전매장은 아니고 워크샵 매장에서만 판매한다고 합니다. 가격이 얼만지 궁금한데 아쉽게 가격은 찾지 못 했습니다.
​
​
​
배스킨라빈스 - 메가팩 한정 출시
​
하프갤런보다 큰 2kg짜리 제품인데 사실 전에 그랜드라고 똑같은 9가지 맛에 2kg 제품이 있었습니다.
​
​
​
아워홈 - 구氏반가 2종
​
송이 소갈비살 떡갈비, 숯불 소갈비살 떡갈비.
​
​
​
플라스머 - 애플하우스 즉석떡볶기 밀키트
​
​
​
​
아워홈 - 떡볶이 2종
​
꼬치어묵 떡볶이, 가라아게 떡볶이
​
​
​
오뚜기 - 순후추 교자, 카레 군만두
​
순후추 출시 50주년과 오뚜기 카레 출시 55주년을 기념해 출시했다고 합니다.
​
​
​
오뚜기 - 물냉비냉
​
김장 동치미 물냉면과 함흥 비빔냉면 2가지 냉면이 들어가있는 제품이라고 합니다.
​
​
​
CJ제일제당 - 고메 바삭엣지 피자 2종
​
슈퍼슈프림, 리얼불고기.
​
​
​
하림 - 맛닭가슴살 2종
​
마라맛, 바베큐맛.
​
​
​
사조대림 - 그릴로 구워낸 생선구이 4종
​
삼치, 고등어, 갈치, 볼락.
​
​
​
신송식품 - 진공 구포국수
​
진공상태에서 반죽을 배합해 반죽 사이에 공기를 최소화한 국수라고 합니다.
​
​
​
크라운 - 죠리퐁 슈거라이트
​
당을 25% 줄였다고 합니다. 요즘 하도 제로 칼로리, 제로 당 제품들이 많다보니 괜히 조금 아쉽게 느껴집니다.
​
​
​
오리온 - 여름 한정판 3종
​
초코파이情 수박, 후레쉬베리 멜론, 멜론송이.
​
​
​
롯데웰푸드- 이온플러스+ 아이스, 이온플러스+ 캔디
​
롯데웰푸드가 전해질 보충 음료 브랜드 이온플러스+를 런칭하고 신제품 2종을 출시했다고 합니다.
​
​
​
하이트진로 - 블랙보리 라이트 340ml
​
​
​
​
롯데칠성음료 - 탐스제로 2종
​
오렌지향, 파인애플향. 롯데웰드 어드벤처와 협업했고 여름 시즌 한정 판매한다고 합니다.
​
​
​
일화 - 부르르 밀크소다 제로 2종
​
메론, 망고파인애플.
​
​
​
지평주조 - 봄이
​
부드러운 목넘김과 산뜻한 애플참외 향이 느껴지는 막걸리라고 합니다.
​
​
​
농심  - 꿀꽈배기맛주
​
농심 사내 스타트업에서 개발한 제품으로 CU에서 구매가능하다고 합니다.
​
​
​
GS25 -
포실핑의 비프치즈 라이스랩, 쿠캣 인절미맛 모듬 불곱창
​
​
​
​
GS25 -
BIG 반반이닭강정, 응급실떢복이 야채튀김 쫄면볶이
​
​
​
​
GS25 -
리얼 천냥 콩나물, 사각사각 아이스젤리 감귤맛
​
​
​
​
GS25 -
체다치즈 크림케이크, 초코츄러스 108겹 스틱파이
​
​
​
​
GS25 - 컵델리 3종
​
메추리알 마요 샐러드, 갈비맛 닭강정, 간장반숙란.
​
​
​
GS25 - 속이 보이는 한끼혁명 X주먹밥 3종
​
치즈 가득 콘치즈(7월 9일), 치즈 닭갈비 볶음밥(7월 16일), 햄 치즈 김치 볶음밥(7월 23일).
​
​
​
GS25 - 하나은행 콜라보 '달달하나' 3종
​
마카롱, 애플 체리바, 영화관팝콘.
​
​
​
CU - 라라스윗 저당 생크림빵
​
​
​
​
CU -
매콤한돈 김치제육, 팔도한끼 스팸 김치더블치즈밥, 망곰 비프포테이토
​
​
​
​
CU - 매일우유 치즈바움쿠헨, 제주 우도 땅콩쿠키
​
​
​
​
CU - 포켓 맵달 치즈 라볶이, 포켓 바삭 치킨 라볶이
​
​
​
​
CU - 이웃집 통통이 두바이식 초코쿠키
​
​
​
​
CU - 장어 도시락 2종
​
통 민물 장어정식, 통 민물 장어구이.
​
​
​
CU - 토네이도 감자
​
​
​
​
CU - 그 외
​
고대 슈크림소라빵, 연세 레몬요거트크림컵, 크라운 죠리퐁 슈거라이트, 농심 빵부장 라즈베리빵, 밀크 치즈맛 쌀과자, 오뚜기 마슐랭 마라샹궈, 짱구 유리 명란마요 냉우동.
​
​
​
이마트24 - 덮밥 2종
​
불고기 소보로 덮밥, 매콤 돼지구이 덮밥
​
​
​
이마트24 - 새우볶음밥&미트볼 파스타
​
​
​
​
이마트24 - 민물장어&통계란김밥
​
​
​
​
이마트24 - 장궁이 김밥
​
​
​
​
이마트24 - 샌드위치 2종
​
스모크 베이컨 샌드위치, 햄 게맛살 샌드위치.
​
​
​
이마트24 - 사각사각 아이스젤리 감귤맛
​
​
​
​
세븐일레븐 - 스위트팩토리, 파스코 빵 6종
​
파스코 초코스콘, 소프트 카스테라 대용량 7,200원(7/19 출시), (소프트/커피밀크) 카스테라, 히라야키데니쉬 (크림/초코).
​
​
​
세븐일레븐 - 골드핑거 치킨세트
​
​
​
​
세븐일레븐 - 파스키에 팡올레
​
​
​
​
세븐일레븐 - 세븐셀렉트 착한 에이드 2종
​
착한 청사과 에이드, 착한 청포도 에이드.
​
​
​
세븐일레븐 - 대파크래커
​
​",https://blog.naver.com/foodcoc/223512302191,식품 회사 도전기,20240714,2026-04-27 16:18:37
세븐일레븐 롯데 포켓델리베지스틱,"노브랜드 할인 5월 3주차 셋째주 할인(5/10~5/16,5/10~5/30)","젤리 스틱 20g *28포 14900 숙취해소 케어솔루션 스틱 20g *5포 3990 액티브 트리플 아르니기... 존쿡 델리미트잠봉 100G 5980 - [50%할인] 롯데 비타파워 100ml*10입 4,380원→2,440원 - 팔도비빔장... ","안녕하세요 낭만아줌마입니다
연일 치솟는 물가 때문에 살림살이가
쉽지 않네요. 그렇다고 먹지 않을 수도 없고요.
노브랜드 5월 셋째주 할인 정보 공유드려요.
초코웨이퍼롤115g 1180
바닐라웨이퍼롤115g 1180
바닐라웨이퍼롤115g 1180
우유케이크300g 3980
오리온고래밥볶음양념160g 1980
노브랜드 미니오트바이트400g 3980
노브랜드 오트바이트 초코 400g 3980
​
아이스롤리 요구르트맛495ml 3980
아이스롤리 과일맛 900ml 3980
노브랜드 오트크런치쿠키 125g 2280
후렌치파이딸기192g 2980
마하차녹 구미망고젤리 300g 6980
티오 아이스티 애플 40입 6980
큐원 트루스위트 알룰로스350g 분말 1+1  8790
청정원홍초레몬&라임 900ml 5980
제티 딸기맛 20입 4150
불닭소스 200g 3000
제티 초코맛 20입 3880
백쿡 백종원만능양념장370g 5480
팔도비빔장 시그니처 380g 3980
크라운로스220g 2980
해태 맛동산 3번들 210g 2980
코코뿌요 애플망고맛 280ml 1+1 1280
코코뿌요 복숭아맛 280ml 1+1 1280
펩시제로라임 1.5L 1290
게토레이 레몬 1.5L1740
펩시콜라 1.25L 1340
비타파워100ml*10입 2440
델몬트 드링크혼합 190ml*12팩 3980
애플셔벗에이드 제로 500ml 1690
레몬셔벗에이드 제로 500ml 1690
미에로화이바350ml 1+1 1800
미에로화이바 스파클링제로 350ml 1+1 1800
레모나 멀티비타민+미네랄 구미180g 9480
휴럼 석류콜라겐 젤리 스틱 20g *28포 14900
숙취해소 케어솔루션 스틱 20g *5포 3990
액티브 트리플 아르니기 스틱 20g*14포 9990
​
노브랜드부침/튀김가루1.2kg 2680
포도씨유2L 9490
산미구엘500ml캔 2280
산토리 500ml 캔 2280
유황먹인계란 15개입 3980
신선특란 25개입 6980
대란 30개입 6980
반숙란 6개입 3980
깐메추리알 600g 6080
테라 453ml 캔 1590
베지브리또 샐러드 3680
고구마&리코타샐러드 4280
대용량 샐러드 400g 3486
페스츄리버터오징어 8980
칼몬드 350g 9980
알찬미 10kg 26800
구운아몬드1kg 10980
호두 450g 7680
신쫄이딸기/샤인머스캣96g 1580
쿨라임프레쉬600g 5980
캐빈디쉬 병캔디 300g 6480
미떼 핫초코  오리지날 10입 3780
올반 영양 삼계탕 900g 7980
아워홈 소고기 장터국밥400g 6580
아워홈 소머리국밥400g 6580
제임스티스푼 바나나카라멜라떼 20g *8입 1+1 7980
제임스티스푼 마롱헤이즐넛라떼 20g *8입 1+1 7980
제임스티스푼 벗꽃라떼떼 25g *8입 1+1 7580
제임스티스푼 딸기말차차떼 30g *8입 1+1 7580
노브랜드클래식롱케이크550g 5780
레모나산 70포 19800
종근당건강 아임비타 비타민 구미젤리 9900
아이클리어루테인지아잔틴 9900
락토핏 15900
상하 얼려먹는 아이스크림 85ml*6 밀크/초코 4580
삼립 미니생크림파운드 576g 7780
오리지날 카스테라 600g 5980
원데이 홍삼정스틱10g *28포 12490
초임계알티지오메가3식물성캡슐
1030mg*30 7990
고려은단 비타민C1000 이지+비타민D
120정 10800
노브랜드 냉동양지 샤브샤브 600G 10800
냉동반건오징어 3미 9800
노브랜드4가지만 양념새우살1+1 12800
풀무원식물성 지구식단 큐브강정
달콤소이/매콤  4990
대림사조안심 곡물덴더300ㅎ 3980
한끼 김치볶음밥200G 2+1 1320
한끼 햄야채볶음밥 2+1 1320
한끼 버터치킨볶음밥 2+1 1320
한끼 간장계란복음밥 200G 2+1 1320
냉동 에드워드망고1KG 9980
요새 냉동망고도 많이 올랐는데,
1kg 에 만원 이하로 구매 가능합니다.
아워홈 텍사스 바베큐폭립500G 10980
노브랜드 아이들 간식으로 좋아요.
아워홈바삭등심카츠320G 1+1 10980
노브랜드 간식으로 좋아요.
하코야 살얼음동동 가라아게
냉우동1116G 7450
상주참외 2KG 14800
참외도 크고 실하고 좋아요.
충주사과(봉)12800
오징어깡 110G 6980
요새는 노브랜드 할인 품목들에
술 안주 품목들이 정말 많아요.
먹태깡 8980
빼빼롱다리160G9980
피쉬스낵 피자치즈맛80G 2980
이색오징어 200G 9980
오징어튀김 110G 5980
오늘은오징어200G 9980
오징어나 쥐포류도 많고요.
햇감자 1.5KG 7480
항공직송 생연어 300G 15800
항공직송 생훈제연어 150G 7980
국산 손질 고등어 2마리 5980
백진미오징어400G 8980
구룡포 건 오징어 4마리 13800
참숯에구운직화곱창 300G 6980
참숯에구운직화백곱창 300G 6980
다항 무항생제 오리슬라이스600G*2 15980
비빔면 4개입 2700
진라면 5개입 3580
팔도 마라왕비빔면 3200
냉모밀 4개 3680
스낵면 5개입 2180
풀무원다논 액티비아병사과 4입 3240
풀무원다논 액티비아병플레인인 4입 3240
노브랜드 할인 품목에 풀무원 제품들이
꽤 있어요.
하루쑥쑥딸기 100ML*4입1+1 3780
하루쑥쑥플레인인 100ML*4입1+1 3780
델몬트콜드 오렌지1L 2740
아워홈 열무비빔국수2인 1+1 8980
풀무원 평양물냉면2인  1+1 6980
풀무원 과일숙성장2인 1+1 6980
미국산 등갈ㅂ100G 1456
존쿡 델리미트잠봉100G 1+1 5980
성경재래김 30봉 8480
추억의 부드러운 강냉이 300G 3480
로스팅짬뽕1+1 5450
왕뚜껑 4입 5660
현미포켓누룽지 428G 4680
옛날방앗간미숫가루600G 1+1 9980
고추장 돼지주물럭1KG 9980
간장돼지불고기 1KG 9980
제주카라향 1.2KG 11800
미국산 체리 300G 8980
양상추 2입 3660
백오이 5입 2980
당근 1KG 2990
​
아삭이 상추 1188
■ 가공 행사 안내 5/10(금)~5/30(목)
​
- 해태 후렌치 파이 192G 2980
- [1+1] 풀무원로스팅짬뽕 홍게 4개입 5450
- [1+1] 풀무원 요거트 하루쑥쑬 플레인/딸기
100G 4개입 3780
- [1+1] 아워홈 바삭 등심카츠(320g)
10980
- [1+1] 존쿡 델리미트잠봉 100G 5980
- [50%할인] 롯데 비타파워 100ml*10입
4,380원→2,440원
- 팔도비빔장 시그니처 380g
5,580원→3,980원
-동서식품 티오 아이스티 애플 40입
9980-->6980
​
■ 신선 행사 안내 5/10(금)~5/16(목)
​
- 성주 참외 1.2kg 9980
-블루베리 250g 9980
-훈제오리 슬라이스 400g *2 14980
-신선 특란 25개입 6980
-당근 1kg 2990
-항공직송 생 훈제연어 150g 7980
-알찬미 10kg 26800
-구운아몬드 1kg 10980
​
삼성카드 5/1~5/31
4만원 이상 결제시 4천원 결제일 할인
​
이상 노브랜드 할인 정보 공유드립니다.
​",https://blog.naver.com/molliehouse/223443361581,낭만아줌마,20240511,2026-04-27 16:18:38
세븐일레븐 롯데 포켓델리베지스틱,CU 10월 행사 상품,"3,900원 롯데)키스틱55g - 2,200원 코카)씨그램라임P350ml - 1,500원 바디)내몸에순한면대16P - 9... 코코)포켓몬튜브껌25g - 1,500원 빙그레)끌레딥초코바 - 4,800원 빙그레)끌레설향딸기바 - 4,800원... ","★1+1★
롯데)빅팜60g - 2,000원
코카)환타오렌지P600ml - 2,100원
코카)스프라이트P500ml - 2,000원
웅진)오곡누룽지P500ml - 1,800원
광동)헛개파워병 - 5,000원
메디안)치석케어치약 - 4,500원
메디안)센서티브칫솔 - 3,000원
2080)칫솔 - 2,800원
2080)치약 - 4,000원
2080)센서티브미세모 - 3,200원
페리오)토탈7치약 - 4,300원
페리오)이지클리닉칫솔 - 2,200원
페브리즈)다우니370ml - 9,800원
다우니)핑크섬유1L - 13,900원
샤프란)섬유유연제1L - 4,950원
오랄비)후레쉬칫솔 - 2,000원
롯데)핫식스캔250ml - 1,500원
미쟝센)데미지샴푸 - 15,000원
미쟝센)데미지린스 - 15,000원
테크)가루세제750g - 6,500원
아이깨끗해)순핸드워시 - 7,900원
46cm)쿨민트치약 - 3,900원
롯데)키스틱55g - 2,200원
코카)씨그램라임P350ml - 1,500원
바디)내몸에순한면대16P - 9,400원
바디)내몸에순한면중18P - 9,400원
크리오)뉴미세모칫솔 - 2,000원
크리오)뉴일반모칫솔 - 1,800원
오랄비)초미세모칫솔 - 2,900원
매일)바이오드링킹딸기 - 2,300원
엘라)스프레이200ml - 8,900원
엘라)하드왁스80g - 10,700원
좋은)울날중4P - 2,000원
좋은)울날중18P - 9,900원
좋은)울날대16P - 9,900원
좋은)슬날수퍼롱4P - 4,100원
좋은)울날오버나이트14P - 10,900원
오가니스트)넛츠바디워시 - 5,500원
롯데)거꾸로수박바 - 1,200원
오뚜기)영양닭죽285g - 4,500원
오뚜기)컵밥톡톡김치알밥 - 4,800원
오뚜기)새송이쇠고기죽 - 4,500원
비페스타)클렌징시트10매 - 3,800원
오뚜기)컵밥참치마요덮밥 - 4,800원
코카)씨그램레몬P350ml - 1,500원
바디)내몸에순한면중4P - 2,400원
비트)액체겸용세제1.45L - 12,900원
비비안)여성헴팬티90 - 8,900원
비비안)여성헴팬티95 - 8,900원
온더바디)레몬클렌징폼 - 5,500원
담터)호두아몬드율무원컵 - 1,800원
코카)크래프트블랙P470ml - 2,700원
코카)크래프트라떼P470ml - 2,700원
진주햄)콘앤스윗치즈45g - 2,000원
샤프란)스타일러탈취제 - 4,200원
리엔)크림염색제흑갈색 - 12,900원
오뚜기)단호박죽285g - 4,500원
하이트)블랙보리라이트520 - 1,800원
동원)친친오리지널봉70g - 1,900원
HK)컨디션환3g - 2,900원
담터)쌍화차플러스원컵 - 1,800원
오뚜기)컵밥김치참치덮밥 - 4,800원
HK)컨디션환3g3입 - 8,500원
코카)환타파인P600ml - 2,100원
코카)토레타P900ml - 2,600원
순수한면)유기농순면중16P - 8,900원
순수한면)유기농순면대14P - 8,900원
죽염)잇몸전문칫솔 - 4,500원
다우니)세탁세제블루1L - 16,900원
웅진)티즐피치우롱티P500 - 2,200원
HK)헛개수이엑스P500ml - 3,000원
태웅)하루홍삼스틱 - 1,800원
CJ)맥스봉오리지널50g - 2,200원
빙그레)스페셜티킬리만자 - 2,700원
빙그레)스페셜티예가체프 - 2,700원
빙그레)프로틴플레인 - 3,200원
빙그레)프로틴딸기바나나 - 3,200원
다우니)실내건조세제1L - 17,900원
오뚜기)리얼바삭빅핫도그 - 2,800원
오뚜기)모짜소떡핫도그 - 2,800원
한독)레디큐프로캔 - 6,000원
간만세)간만세 - 2,900원
2080)더블액션초극세모 - 2,000원
동화)KF94흰색대형1P - 2,000원
깨끗)KF94흰색대형3P - 5,900원
샘표)폰타나머쉬룸수프 - 3,500원
샘표)폰타나포테이토수프 - 3,500원
다우니)블루섬유1L - 13,900원
롯데)칠성사이다제로P500 - 2,200원
코카)스프라이트제로P500 - 2,000원
롯데)펩시콜라제로캔355ml - 1,900원
CJ)비비고한우사골곰탕500 - 3,200원
동원)복숭아제로아이스500 - 2,200원
동원)레몬제로아이스티500 - 2,200원
웅진)옥수수수염차500ml - 1,800원
오랄비)센서티브클린칫솔 - 1,800원
엘라)맨인매트컬크림150ml - 12,900원
동원)친친콘치즈봉70g - 1,900원
오뚜기)맛있는흑미밥210g - 2,700원
오뚜기)맛있는오곡밥210g - 2,700원
진주햄)천하장사치즈60g - 2,400원
좋은)입는오버중형2P - 5,300원
좋은)입는오버대형2P - 5,300원
순수한면)유기농순면소18P - 8,900원
종근당)헛개땡큐골드병 - 5,000원
피죤)실내건조섬유미스틱1 - 11,900원
메디안)트리플미세모 - 1,900원
광동)헛개차골드라벨500ml - 3,000원
네슬)프루팁스오리지널60g - 2,000원
네슬)프루팁스베리믹스60g - 2,000원
웅진)결명자차P500ml - 1,800원
삼양사)상쾌환스틱레드 - 3,900원
종근당)산에는삼병100ml - 3,000원
네슬레)킷캣미니45g - 2,700원
네슬레)킷캣청키프룻 - 1,400원
좋은)순면수퍼롱10P - 10,400원
화이트)수퍼흡수중형18P - 9,700원
화이트)수퍼흡수대형16P - 9,700원
좋은)유기농슬날중3P - 1,800원
풀무원)액티비아스무딸기 - 2,000원
풀무원)액티비아스무키위 - 2,000원
헤드앤숄더)쿨멘솔샴푸550 - 14,900원
좋은)내추럴코어슬날중14P - 9,600원
좋은)내추럴코어슬날대14P - 11,200원
좋은)내추럴코어롱오버8P - 9,900원
디어스킨)입는오버중대4P - 10,900원
HK)컨디션스틱그린애플18g - 3,300원
HK)컨디션스틱18g - 3,300원
템포)순면롱라이너18P - 4,000원
CJ)구이한판그릴스모크60g - 3,300원
광동)밀싹보리차P500ml - 1,800원
농심)후르트민트피치 - 2,000원
농심)후르트민트그레이프 - 2,000원
광동)비타500피지라임캔 - 1,600원
롯데)솔의눈P500ml - 2,000원
리앤웰)비말검정대형7P - 3,000원
빙그레)복숭아이스티300ml - 1,200원
빙그레)레몬아이스티300ml - 1,200원
슈가)친환경주방세제레몬C - 5,900원
샘표)티아시아치킨커리 - 4,700원
샘표)티아시아푸팟퐁커리 - 4,700원
쏘피)안심숙면팬티L4P - 9,600원
피죤)액츠세탁세제1L - 10,900원
동원)포킷포킷소시지70g - 2,500원
강원)헛깨하니술깨10g - 2,200원
카피티)바닐라빈1L - 13,900원
피죤)섬유탈취아이스80mL - 4,200원
풀무원)요거톡초코그래놀 - 2,200원
풀무원)요거톡스타볼 - 2,200원
코카)암바사환타캔345ml - 1,500원
코카)씨그램피치P350ml - 1,500원
필슨)KF94흰색대형1P - 2,500원
CJ)명가재래김4g*9입 - 7,000원
CJ)명가파래김4g*9입 - 7,000원
빙그레)뽕따소다맛 - 1,800원
인테)슈가로로애플P350 - 1,800원
인테)슈가로로샤인P350 - 1,800원
코코)포켓몬튜브껌25g - 1,500원
빙그레)끌레딥초코바 - 4,800원
빙그레)끌레설향딸기바 - 4,800원
롯데)야채농장ABC - 1,800원
코코)아머드사우카라멜 - 1,200원
롯데)야채농장과일야채 - 1,800원
라이온)냉감데오시트 - 4,900원
예지)몰랑이오가닛중형3P - 2,400원
행복)계란꼬치햄치즈맛 - 2,500원
샘표)티아시아비프마살라 - 4,700원
샘표)티아시아키마커리 - 4,700원
종근당)자황력액병100ml - 5,000원
좋은)무표백유기농중형16P - 12,500원
좋은)무표백유기농대형14P - 12,500원
디어스킨)리얼모달중형16P - 8,600원
디어스킨)리얼모달대형14P - 8,600원
쏘피)무표백유기농대형16P - 10,900원
가그린)초미세모칫솔 - 2,500원
미팩토리)스팟패치75매 - 9,900원
오뚜기)컵밥미역국밥 - 4,800원
라엘)입는오버나이트M4P - 10,900원
피죤)실내건조섬유플라워1 - 11,900원
롯데)실론티제로P500ml - 2,000원
CJ)한뿌리홍삼대보병100ml - 5,000원
동원)투명이온P500ml - 2,200원
CJ)숯불갈비맛후랑크120g - 3,300원
깨끗)촉앤감프리미엄24롤 - 35,800원
하프)아메리카노P410 - 2,700원
하림)유니자장면큰그릇컵 - 4,980원
NHC)발효홍삼진CK15g - 3,000원
동원)산양프로틴플레인 - 2,500원
동원)산양프로틴베리믹스 - 2,500원
풀무원)요거톡초코필로우 - 2,200원
바프)쿠키앤크림몰트볼 - 2,500원
바프)인절미몰트볼 - 2,500원
미래)나무야클린3겹24롤 - 24,000원
한일)드래곤볼돈코츠라멘 - 3,300원
깨끗)베리베리물티슈70매 - 3,500원
진주햄)천하장사건강닭60g - 2,200원
빙그레)프로틴플레인맥스 - 3,500원
오뚜기)XO교자고기324g - 6,400원
CJ)한뿌리인삼대보병100ml - 4,500원
CJ)국산콩두부찌개용380g - 5,900원
CJ)국산콩두부부침용380g - 5,900원
CJ)명가참기름김20g - 2,800원
웅진)티즐제로자몽티P500 - 2,200원
엘라)프로틴케어린스480ml - 12,900원
엘라)프로틴케어샴푸480ml - 12,900원
동서)콘푸라이트바35g - 1,600원
동서)오곡코코볼바33g - 1,600원
삼양사)상쾌환부스터100ml - 5,000원
서울FB)미피마리골드레몬 - 2,000원
웅진)자연은말린복숭아500 - 2,500원
웅진)자연은말린자몽P500 - 2,500원
클라이덴)화이트닝치약50g - 9,900원
동원)양반나주식곰탕460g - 3,900원
남양)아몬드데이오리지널 - 1,500원
남양)아몬드데이언스위트 - 1,500원
샘표)질러황태스윗청양25g - 5,900원
샘표)질러황태매운맛25g - 5,900원
일화)맥콜제로캔250ml - 1,500원
코카)크래프트로우라떼470 - 2,700원
머거본)크리스피아몬드50g - 3,000원
머거본)크리스피볶은양념 - 3,000원
슈가)친환경세탁세제1.5L - 11,900원
좋은)무표백유기농대형4P - 3,900원
좋은)무표백입는오버L4P - 11,200원
CJ)맥스봉프로틴45G - 2,200원
롯데)탐스제로파인애플355 - 1,500원
롯데)탐스제로복숭아355 - 1,500원
빙그레)따옴바파인애플 - 2,000원
빙그레)따옴바포도 - 2,000원
CJ)햇반닭가슴살곤약죽 - 3,900원
OKF)워터멜론제로P500ml - 2,200원
링티)제로레몬라임500ml - 2,900원
샘표)폰타나스위트콘수프 - 3,500원
오뚜기)치킨마살라 - 4,800원
오뚜기)푸팟퐁카레 - 4,800원
CJ)할라피뇨그레인보울 - 4,900원
CJ)병아리콩그레인보울 - 4,900원
연세)감귤요거트300ml - 2,300원
연세)블루베리요거트300 - 2,300원
바디)내몸에순한면대4P - 3,000원
뉴트리)타이밍헛개18g - 2,900원
삼우)서울앵무새모나카 - 2,500원
원피스)루피제로에너지350 - 2,000원
원피스)브룩제로에너지350 - 2,000원
대상)아르포텐에너지샷100 - 3,500원
피죤)고농축섬유플라워1.6 - 12,900원
피죤)건조기용시트25매 - 8,900원
담곰이)파이팅초코우유300 - 1,900원
담곰이)파이팅딸기우유300 - 1,900원
삼양)불닭치폴레마요250g - 5,000원
CJ)100%현미밥130g - 2,600원
원피스)쵸파초코우유190ml - 1,300원
원피스)쵸파초코우유4입 - 4,900원
원피스)루피커피우유190ml - 1,300원
원피스)루피커피우유4입 - 4,900원
CJ)한식간장김자반20g - 2,800원
오뚜기)전복죽285g - 4,500원
오뚜기)양송이크림스프 - 3,800원
오뚜기)베이컨감자스프 - 3,800원
롯데)펩시제로망고캔355ml - 1,900원
서울)아침에주스꿀배190ml - 1,800원
서울)아침에주스오미자몽 - 1,800원
웅진)빅토리아청포P500ml - 1,800원
웅진)빅토리아파인P500ml - 1,800원
바프)티라미수몰트볼 - 2,500원
이마트)비상대책드링크100 - 4,000원
좋은)입는데이팬티L4P - 10,900원
만전)매운불맛김5g - 1,300원
만전)치즈맛김5g - 1,300원
롯데)칠성사이다블루P500 - 2,200원
빙그레)앵무새크림라떼 - 2,700원
빙그레)앵무새바닐라라떼 - 2,700원
던킨)자두제로탄산캔350 - 1,900원
던킨)배제로탄산캔350 - 1,900원
에이플)맵찔이초보맛12g - 2,000원
에이플)맵찔이프로맛12g - 2,000원
퍼실)컬러젤라벤더1.35L - 16,300원
IEK)그루비카라멜아몬드바 - 3,900원
IEK)그루비초콜릿바 - 3,900원
동원)쿨피스톡제로피치350 - 2,000원
동원)쿨피스톡제로파인350 - 2,000원
롯데)핫식스제로캔250ml - 1,500원
연세)스트로베리요거트300 - 2,300원
닥터그루트)쿨멘솔샴푸180 - 9,900원
동원)얼라이브자몽P500ml - 2,500원
동원)얼라이브망고P500ml - 2,500원
라벨리)더블팅 - 1,800원
피죤)액츠캡슐형세탁세제 - 11,900원
오뚜기)차돌강된장보리밥 - 4,800원
서울)솔티드크림라떼250ml - 1,800원
서울)초코크림라떼250ml - 1,800원
NHC)그에너지부스터20g - 3,000원
서영)모닝이즈백병100ml - 5,000원
유시몰)무알콜가글민트90 - 3,900원
온더)체리블라썸비누 - 2,700원
삼양)쿠티크투움바파스타 - 3,600원
슈가)친환경섬유유연제1.5 - 11,900원
CJ)한뿌리아르기닌병100ml - 5,000원
BR)레인보우샤베트워터500 - 2,500원
BR)피치요거트워터P500 - 2,500원
퐁퐁)친환경주방세제1.2L - 6,900원
테크)울드라이중성세제1.3 - 10,900원
좋은)무표백수퍼롱3P - 4,800원
홈스타)살균세정티슈60매 - 10,900원
CJ)100%현미밥130g*3입 - 7,500원
CJ)유기농쌀밥130G*3입 - 7,500원
CJ)맥스봉오리지널70g - 2,600원
연세)복숭아요거트300 - 2,300원
바른생각)워터리익스3P - 6,900원
켈로그)헤이즐넛다크초코 - 2,200원
​
★2+1★
롯데)가나초코바땅콩 - 1,000원
롯데)이브로즈껌 - 1,200원
마즈)스키틀즈사워캔디 - 1,500원
롯데)가나마일드초콜릿34g - 1,200원
마즈)스키틀즈캔디 - 1,000원
롯데)아라비카커피껌 - 1,200원
크라운)키커바 - 1,000원
마즈)엠앤엠밀크초콜릿37g - 1,500원
마즈)엠앤엠피넛초콜릿37g - 1,500원
나뚜루)녹차미니컵 - 4,800원
나뚜루)녹차바 - 4,800원
나뚜루)딸기미니컵 - 4,800원
나뚜루)바닐라아몬드바 - 4,800원
나뚜루)초코미니컵 - 4,800원
CJ)맥스봉치즈50g - 2,200원
CJ)맛밤80g - 3,900원
샘표)질러직화육포45g - 6,500원
롯데)의성마늘핫바70g - 2,400원
동원)덴마크스트링치즈 - 1,500원
동원)양반전복죽 - 4,500원
오뚜기)참깨라면컵 - 1,700원
오뚜기)맛있는밥210g - 2,000원
동원)양반호박죽 - 4,500원
오뚜기)열라면컵 - 1,300원
동원)양반영양닭죽 - 4,500원
풀무원)국물떡볶이컵 - 2,800원
CJ)가쓰오우동컵 - 3,900원
오뚜기)한입쏙쏙미트볼 - 4,400원
칸타타)아메캔200ml - 1,500원
매일)썬업과일야채녹황 - 2,300원
매일)썬업과일야채퍼플 - 2,300원
티오피)스위트아메캔200ml - 1,200원
남양)프렌치카라멜200ml - 2,100원
남양)프렌치카페오레200ml - 2,100원
HK)컨디션헛개병 - 5,000원
남양)프렌치카푸치노200ml - 2,100원
빙그레)아카페라카라멜 - 2,000원
롯데)펩시콜라P600ml - 2,000원
남양)17차P500ml - 1,600원
HK)헛개수P500ml - 2,200원
티오피)마스터라떼캔200ml - 1,200원
매일)바리스타에스프250ml - 2,700원
웅진)내사랑유자P280ml - 1,750원
티오피)더블랙캔200ml - 1,200원
일화)맥콜캔250ml - 1,500원
매일)바리스타스모키250ml - 2,700원
매일)바리스타모카250ml - 2,700원
농심)백산수P500ml - 950원
HK)컨디션레이디병 - 5,000원
광동)비타500캔240ml - 1,600원
매일)커피속에모카치노 - 1,800원
빙그레)바나나우유라이트 - 1,700원
매일)우유속에코코아 - 1,800원
매일)우유속에딸기 - 1,800원
롯데)쾌변요구르트사과맛 - 1,800원
롯데)쾌변요구르트키위맛 - 1,800원
풀무원)액티비아업딸기 - 2,200원
46cm)초극세모칫솔 - 3,500원
매일)썬업과일야채레드 - 2,300원
롯데)아이시스8.0P500ml - 1,100원
서울)스페셜티컵라떼마일 - 2,400원
광동)옥수수수염P500ml - 1,800원
CJ)햇반흑미밥210g - 2,800원
CJ)햇반발아현미밥210g - 2,800원
CJ)숯불향바베큐바280g - 5,600원
코카)파워에이드캔240ml - 1,200원
칸타타)라떼캔200ml - 1,500원
오리온)통아몬드캔디 - 2,000원
진주햄)천하장사50g - 2,200원
한성)몬스터후랑크바100g - 2,500원
CJ)햇반작은공기130g - 1,700원
오뚜기)스낵면컵 - 1,700원
동학)빅구슬복숭아키위 - 1,800원
티오피)더블랙캔380ml - 3,000원
티오피)스윗아메캔380ml - 3,000원
롯데)허쉬쿠앤크초콜릿40g - 1,600원
롯데)가나초코바아몬드 - 1,000원
롯데)허쉬아몬드초콜릿40g - 1,600원
농심)사리곰탕큰사발컵 - 1,400원
남양)로스터에스프레250ml - 2,700원
동아)데자와밀크티캔240ml - 1,600원
오가니스트)샴푸200ml - 7,000원
오가니스트)린스200ml - 7,000원
리스테린)그린티100ml - 2,100원
풀무원)액티비아업플레인 - 2,200원
롯데)트레비레몬P500ml - 1,800원
롯데)트레비라임P500ml - 1,800원
남양)로스터카라멜250ml - 2,700원
마즈)스니커즈픽앤믹스 - 500원
CJ)햇반210g - 2,100원
리스테린)쿨민트100ml - 2,100원
삼양사)상쾌환 - 2,900원
마즈)트윅스쿠키 - 1,500원
진주햄)천하장사28g - 1,300원
CJ)큰햇반300g - 2,900원
CJ)모닝두부오리엔탈150g - 1,700원
롯데)크런키더블크런치바 - 1,000원
남양)초코에몽250ml - 1,600원
서울)스페셜티컵카페모카 - 2,400원
일화)맥콜P500ml - 1,900원
빙그레)아카페라바닐라 - 2,000원
해태)영진구론산150ml - 1,200원
현대)미에로화이바병210ml - 1,500원
CJ)컵반미역국밥 - 4,200원
가그린)오리지널100ml - 2,100원
갸스비)와일드왁스80g - 9,800원
갸스비)그란지매트왁스80g - 9,800원
CJ)시원한오뎅한그릇컵 - 3,900원
CJ)마시는워터젤리포도 - 2,000원
오뚜기)진짬뽕 - 1,900원
정식품)베지밀B검은콩병 - 1,800원
CJ)컵반강된장보리비빔밥 - 4,800원
오뚜기)진짬뽕컵 - 2,000원
서울)꿀딴지초코우유180ml - 1,300원
CJ)비비고고기찐만두168g - 4,400원
농심)츄파춥스게코젤리 - 2,000원
CJ)컵반직화볶음짜장덮밥 - 4,800원
가그린)제로100ml - 2,100원
오뚜기)새우볶음밥230g - 4,500원
남양)프렌치카페믹스20T - 4,700원
티오피)마스터라떼캔380ml - 3,000원
바디)순한면슈퍼롱3P - 4,200원
매일)바리스드립라떼325ml - 3,200원
매일)바리스타블랙325ml - 3,200원
농심)백산수P2L - 1,700원
마스터)라떼캔240ml - 1,300원
마스터)스윗아메캔240ml - 1,300원
CJ)비비고청양찐만두168g - 4,400원
남양)로스터돌체라떼250ml - 2,700원
허쉬)초코아이스바 - 2,500원
동원)얼라이브자몽250ml - 1,700원
동원)얼라이브망고250ml - 1,700원
빙그레)끌레도르쿠키크림 - 2,500원
오뚜기)맛있는밥4입 - 7,200원
미성)허쉬핫초코원컵 - 1,800원
해태)갈아만든배캔340ml - 1,500원
매일)바리스타바닐라325ml - 3,200원
동원)양반참치죽 - 4,500원
동원)양반쇠고기죽 - 4,500원
동원)양반야채죽 - 4,500원
아임유어)면도기세트 - 2,100원
동원)리챔200g - 6,200원
CJ)맥스봉청양후랑크바80g - 2,500원
서주)아이스주 - 1,500원
CJ)컵반철판제육덮밥 - 4,800원
빙그레)아카페라UP아메리 - 2,400원
빙그레)아카페라UP라떼 - 2,400원
오뚜기)맛있는큰밥300g - 2,800원
로투스)초코와플 - 1,700원
CJ)마시는워터젤리복숭아 - 2,000원
해광)프레첼갈릭버터 - 1,700원
동서)오레오씬즈티라미수 - 2,000원
동서)오레오씬즈바닐라 - 2,000원
크라운)츄러스84g - 1,500원
농심)포테토칩60g - 1,700원
델리팜)로아카바닐라125g - 4,500원
해태)후렌치파이딸기 - 4,200원
크라운)죠리퐁 - 1,500원
동서)리츠샌드치즈 - 2,200원
크라운)카라멜콘메이플74g - 1,500원
크라운)빅파이딸기 - 3,200원
해태)초코픽 - 1,700원
크라운)콘초 - 1,500원
크라운)버터와플 - 3,000원
해광)프레첼체다치즈 - 1,700원
해태)에이스 - 1,700원
매일)바리스타카라멜250ml - 2,700원
허쉬)토피넛초코아이스바 - 2,500원
대상)종가집볶음김치190g - 3,800원
광동)대추쌍화병150ml - 1,600원
동원)양반밤단팥죽 - 4,500원
동화)부채표미인활75ml - 1,200원
CJ)비비고소고기미역국500 - 5,900원
CJ)비비고육개장500g - 5,900원
하이트)블랙보리P520ml - 1,800원
사조)스노우크랩킹140g - 4,900원
해태)포도봉봉캔340ml - 1,500원
CJ)컵반직화불고기덮밥 - 4,800원
CJ)쁘띠첼밀감컵 - 2,200원
CJ)맥스봉마늘후랑크바80g - 2,500원
매일)두유오리지널팩190ml - 1,000원
서울)아침에주스포도210ml - 1,800원
CJ)비비고설렁탕500g - 5,900원
풀무원)액티비아업복숭아 - 2,200원
CJ)스팸340g - 8,200원
CJ)스팸200g - 6,200원
OKF)알로에베라제로P500 - 2,200원
동서)심플리라떼240ml - 1,900원
롯데)허쉬밀크초콜릿40g - 1,600원
서울)아침에주스오렌210ml - 1,800원
CJ)쁘띠첼복숭아컵 - 2,200원
CJ)쁘띠첼포도컵 - 2,200원
대상)안주야불막창160g - 9,500원
대상)안주야무뼈닭발160g - 9,500원
CJ)햇반매일잡곡밥210g - 2,800원
롯데)쌀로별오리지널78g - 1,700원
켈로그)콘푸로스트 - 3,500원
대상)안주야매콤육포30g - 3,900원
대상)안주야달콤육포30g - 3,900원
해태)맛동산90g - 2,000원
크라운)땅콩카라멜봉지 - 2,000원
코카)파워에이드퍼플P600 - 2,200원
갸스비)슈퍼헤어젤200g - 6,000원
CJ)햇반200g*3입 - 5,700원
롯데)밀키스캔340ml - 1,700원
삼립)잼있는사과쿠키 - 1,200원
삼립)잼있는딸기쿠키 - 1,200원
CJ)컵반철판김치덮밥 - 4,800원
빙그레)요플레토핑초코 - 2,000원
CJ)컵반스팸마요덮밥 - 4,800원
삼양사)상쾌환3입기획팩 - 8,500원
마즈)이클립스페퍼민트 - 3,000원
마즈)이클립스피치캔디 - 3,000원
오리온)그래놀라유산균바 - 1,200원
서울)초코우유300ml - 1,800원
서울)딸기우유300ml - 1,800원
해태)코코팜포도캔340ml - 1,500원
롯데)구미구미젤리 - 1,200원
동서)티오피트리플에스프 - 2,400원
동서)티오피마일드에스프 - 2,400원
동서)티오피볼드에스프 - 2,400원
서울)꿀딴지딸기우유180ml - 1,300원
삼양)까르보불닭떡볶이 - 3,000원
동원)양반참기름김 - 1,800원
서울)비요뜨초코링 - 1,800원
서울FB)어른우유검은미숫 - 1,800원
동원)얼라이브오렌지250ml - 1,700원
매일)바리스타로슈거250ml - 2,700원
삼립)초코블랑 - 1,500원
롯데)칠성사이다캔355ml - 1,900원
빙그레)따옴청귤한라235ml - 2,200원
롯데)핫식스더킹파워캔355 - 2,200원
CJ)햇반210g*8입 - 14,500원
옵티프리)렌즈액120ml - 3,000원
핑크퐁)어린이치약75G - 2,900원
존슨즈)베이비로션 - 6,000원
롯데)의성마늘핫바빅90g - 2,700원
CJ)컵반치킨마요덮밥 - 4,800원
CJ)햇반소프트전복죽 - 4,500원
CJ)햇반소프트소고기죽 - 4,500원
CJ)햇반소프트야채죽 - 4,500원
크라운)뽀또치즈타르트92g - 1,500원
대상)안주야껍데기160g - 7,900원
동원)양반들기름김 - 700원
빙그레)떡붕어싸만코 - 2,200원
빙그레)부드러운빵또아 - 2,200원
CJ)햇반소프트닭백숙죽 - 4,500원
삼립)오븐에구운도넛 - 1,200원
롯데)치토스매콤달콤164g - 3,400원
마스터)블랙P500ml - 2,600원
마스터)라떼P500ml - 2,600원
롯데)2프로복숭아P500ml - 1,800원
사조)오리지널육포30g - 4,300원
사조)구운육포30g - 4,300원
진주햄)천하장사일반바90g - 2,500원
HK)새싹보리P500ml - 2,200원
매일)엔요280ml - 1,700원
세나개)칭찬스틱소고기 - 2,500원
오뚜기)맛있는밥150g - 1,700원
켈로그)첵스초코 - 4,000원
CJ)컵반사골곰탕국밥 - 4,200원
크라운)국희땅콩샌드 - 1,200원
삼립)청양닭가슴핫바70g - 2,500원
오뚜기)우노피자불고기 - 6,500원
오뚜기)우노피자콤비 - 6,500원
광동)위청수골드액75ml - 1,000원
동원)덴마크라이트스트링 - 1,500원
빙그레)닥터캡슐플레인 - 2,100원
빙그레)닥터캡슐사과 - 2,100원
빙그레)아카페라UP바닐라 - 2,400원
한성)배즙숙성후랑크바70g - 1,900원
CJ)고기수제만두200g - 4,400원
CJ)김치수제만두200g - 4,400원
매일)검은콩두유팩190ml - 1,300원
마즈)몰티져스밀크싱글37g - 1,500원
삼양)사또밥67g - 1,500원
해태)구론산스파클병150ml - 1,200원
CJ)컵반김치날치알밥 - 4,800원
CJ)컵반버터장조림비빔밥 - 4,800원
키다리)세이면잔치국수컵 - 2,650원
세나개)칭찬스틱오리 - 2,500원
세나개)칭찬스틱연어 - 2,500원
OKF)샤인머스켓제로P500 - 2,200원
오리온)그래놀라단백질바 - 1,200원
사조)살코기참치150g - 4,300원
오뚜기)맛있는밥6입 - 10,200원
CJ)맥스봉직화꼬치바90g - 2,500원
CJ)비비고돼지김치찌개460 - 7,900원
CJ)비비고차돌된장찌개 - 7,900원
매일)바리스타디카페325ml - 3,200원
CJ)해찬들초고추장300g - 3,400원
빙그레)통모짜스트링치즈 - 1,400원
서울)바나나우유300ml - 1,800원
롯데)오가닉사과당근주스 - 1,500원
롯데)오가닉포도당근주스 - 1,500원
롯데)졸음번쩍용기껌 - 6,000원
남양)로스터아몬라떼320ml - 3,200원
마스터)스윗블랙P500ml - 2,600원
CJ)비비고고기왕교자420g - 5,900원
CJ)비비고김치왕교자385g - 5,900원
농심)신라면건면컵 - 1,600원
사세)버팔로윙봉220g - 6,900원
동서)티오피너티카라멜 - 2,400원
CJ)비비고스팸부대찌개460 - 7,900원
동원)양반냉장쇠고기죽컵 - 4,500원
동원)양반냉장전복죽컵 - 4,500원
롯데)핫식스더킹포스캔355 - 2,200원
동원)양반냉장밤단팥죽컵 - 4,500원
동원)양반냉장단호박죽컵 - 4,500원
동원)양반트러플쇠고기죽 - 4,500원
오뗄)롱육즙소시지160g - 3,600원
오뗄)롱치즈소시지160g - 3,600원
동서)심플리블랙240ml - 1,900원
오리온)제주용암수P530ml - 1,000원
해태)샤오롱고향만두180g - 3,500원
오뚜기)한우미역국500g - 7,800원
삼양)나가사끼짬뽕컵 - 1,600원
CJ)컵반스팸김치덮밥 - 4,800원
CJ)햇반소프트단호박죽 - 4,500원
서울)강릉커피라떼컵250ml - 2,700원
SCD)히츨러수수깡젤리 - 2,500원
사조)랍스터킹128g - 4,900원
대상)종가집볶음김치80g - 1,900원
빙그레)닥터캡슐베리 - 2,100원
동원)얼라이브청포도250ml - 1,700원
이디야)아메리카노10T - 2,700원
레쓰비)그란데헤이즐넛500 - 2,200원
동서)리츠샌드초코 - 1,800원
뽀짜툰)장&유리너리 - 1,800원
뽀짜툰)피부&모질 - 1,800원
뽀짜툰)체중조절&관절 - 1,800원
뽀짜툰)면역&유리너리 - 1,800원
SCD)수수깡젤리오리지널 - 2,500원
삼육)검은콩호두아몬드병 - 1,400원
롯데)더블크런치쿠앤크 - 1,000원
OKF)요구르트스파클링제로 - 2,200원
농심)멸치칼국수 - 1,100원
정화)실속맥반석구이40g - 4,900원
CJ)컵반황태국밥 - 4,200원
바프)허니버터아몬드40g - 2,200원
롯데)펩시제로라임P500ml - 2,000원
삼립)크래프트휘낭시에 - 1,500원
CJ)컵반참치마요덮밥 - 4,800원
오리온)닥터유단백질볼 - 1,500원
칠갑)들깨수제비컵 - 3,900원
CJ)맥스봉꼬치바청양90g - 2,500원
농심)배홍동비빔면 - 1,200원
오뚜기)차돌된장찌개500g - 7,800원
오뚜기)쇠고기육개장500g - 7,800원
매일)바리스타아메P475ml - 2,500원
매일)바리스타라떼P475ml - 2,500원
오리온)와클어니언바게트 - 1,500원
천일)골목반점옛날짜장 - 4,500원
천일)골목반점볶음짬뽕 - 4,500원
동원)인포켓치즈스낵체다 - 3,800원
오리온)미쯔볼 - 1,200원
광동)비타500D병100ml - 1,000원
CJ)비비고배추김치100g - 1,800원
빙그레)따옴애플망고235ml - 2,200원
롯데)크런키초코바 - 1,000원
해태)김치고향만두 - 5,300원
CJ)컵반BIG치킨마요덮밥 - 5,400원
CJ)컵반BIG스팸김치덮밥 - 5,400원
동원)쌀떡국용기 - 3,900원
롯데)깨수깡환 - 2,900원
CJ)스팸라이트200g - 6,200원
가그린)오리지널250ml - 4,500원
서주)탱글탱글젤리리치맛 - 2,000원
CJ)비비고새우왕교자315g - 5,900원
동원)리챔육포오리지널40g - 5,500원
동원)리챔육포스파이시40g - 5,500원
빙그레)더단백초코드링크 - 2,900원
뉴트로지나)딥클렌져100g - 8,900원
이디야)토피넛라떼300ml - 2,900원
이디야)카페라떼300ml - 2,900원
이디야)돌체콜드브루300ml - 2,900원
샘표)우리엄마깻잎장아찌 - 3,300원
제스)오레오아이스바 - 2,500원
CJ)닭가슴살소시지바80g - 2,900원
CJ)컵반BIG김치날치알밥 - 5,400원
CJ)햇반소프트전복버섯죽 - 4,500원
CJ)햇반소프트새우계란죽 - 4,500원
매일)바리스타쇼콜라325ml - 3,200원
동아)나랑드사이다P500ml - 2,000원
마스터)바닐라블랙P500ml - 2,600원
쏘피)무표백롱라이너18P - 5,500원
롯데)핫식스더킹러쉬캔355 - 2,200원
종근당)속청쿨75ml - 1,000원
대웅)피로할때우루샷 - 2,500원
동서)리츠샌드화이트 - 1,800원
서주)탱글탱글포도맛 - 2,000원
마즈)스키틀즈요거트향 - 1,500원
CJ)햄스빌아침베이컨70g - 3,300원
사조)숯불후랑크꼬치바2입 - 3,600원
정화)훈연오징어진공50g - 5,900원
푸르밀)웰치사과에이드 - 1,600원
푸르밀)웰치포도에이드 - 1,600원
롯데)칠성사이다제로캔355 - 1,900원
롯데)하비스트달콤고소 - 1,700원
롯데)야채크래커 - 1,700원
삼양)로제불닭볶음면컵 - 1,800원
롯데)포도먹은구미 - 1,200원
제스)킷캣아이스바 - 2,500원
하림)미식장인라면얼큰컵 - 2,800원
하림)미식장인라면담백컵 - 2,800원
HK)헛개수1.5L - 3,000원
롯데)메론죠스바젤리60g - 1,200원
해태)썬키스트유자280ml - 2,000원
웅진)하늘보리1.5L - 3,000원
삼립)하이면장칼국수 - 3,800원
크리)KF94검정대형1P - 1,800원
CJ)얼큰우동컵 - 3,900원
CJ)닭가슴살스테이크100g - 4,500원
롯데)오잉해물맛75g - 1,700원
뉴초)아쌈타로밀크티400ml - 2,500원
서울)비요뜨링크 - 1,800원
동서)맥심슈프림골드20T - 5,500원
CJ)컵반BIG치즈닭갈비덮밥 - 5,400원
광동)유자쌍화병150ml - 1,600원
켈로그)그래놀라고소한맛 - 2,000원
롯데)아이스브레이커체리 - 3,500원
오뚜기)새우슈마이135g - 4,000원
샘표)양송이크림컵수프 - 1,900원
샘표)콘치즈컵수프 - 1,900원
샘표)치즈브로콜리컵수프 - 1,900원
하이트)토닉워터제로300ml - 1,600원
동원)리챔더블라이트200g - 6,200원
웅진)초록매실P500ml - 2,150원
웅진)아침햇살P500ml - 2,150원
오리온)대왕오감자 - 1,700원
나뚜루)딸기초콜릿바 - 4,800원
동원)양반김부각오리지널 - 4,200원
동원)양반새우김부각 - 4,200원
동원)오리진아메리카300ml - 3,200원
동원)오리진바닐라떼300ml - 3,200원
아우라)딥센트스윗만다린 - 12,900원
정식품)칼로리컷베지밀팩 - 1,500원
농심)츄파춥스사워벨트1M - 1,700원
오뚜기)사골곰탕국물500ml - 2,500원
롯데)더하다옥수수P500ml - 2,000원
롯데)더하다보리차P500ml - 2,000원
키다리)세이면북엇국수컵 - 2,650원
뚜또)9칼로리포도컵 - 2,200원
대상)안주야매콤불닭먹태 - 5,900원
대상)안주야청양데리먹태 - 5,900원
흥생)반숙계란3입 - 2,900원
농심)신볶게티큰사발 - 1,800원
매일)어메징오트언스위트 - 1,500원
매일)어메징오트오리지널 - 1,500원
신화)어포튀각80g - 5,900원
이디야)바닐라라떼300ml - 2,900원
이디야)쇼콜라모카300ml - 2,900원
미성)허쉬마시멜로타르트 - 1,500원
씨알)오곡초코땅콩바 - 1,400원
빙그레)더단백카라멜드링 - 2,900원
빙그레)더단백커피드링크 - 2,900원
매일)바이오그래놀라127g - 2,300원
매일)바이오프로틴볼130g - 2,300원
고래사)치즈빵빵80g - 3,500원
고래사)소시지말이90g - 3,500원
티젠)콤부차레몬10T - 7,500원
오리온)민티피치민트 - 2,500원
서울FB)어른오트호두아몬 - 1,800원
오리온)민티페퍼민트 - 2,500원
오뚜기)짜슐랭 - 1,400원
켈로그)씨솔트다크초코30g - 1,800원
삼립)티트라피치티P500ml - 2,200원
삼립)티트라레몬티P500ml - 2,200원
빙그레)프로틴스트링치즈 - 1,500원
동원)그린덴마크아몬190ml - 1,200원
동원)그린덴마크귀리190ml - 1,200원
고래사)어묵탕시원한맛 - 3,900원
고래사)어묵탕얼큰한맛 - 3,900원
라라스윗)초콜릿파인트 - 8,900원
코코)시크릿오뚝이캔디10g - 2,500원
CJ)큰햇반300g*3입 - 8,300원
CJ)닭가슴살소시지청양80g - 2,900원
오뚜기)참기름김치볶음면 - 2,500원
오뚜기)참기름김치볶음밥 - 4,800원
해태)썬키스트레몬P500ml - 1,900원
서울)아침에주스ABC210ml - 1,800원
미성)허쉬모찌쿠키90g - 2,200원
코코)뽀로로오뚝이캔디10g - 2,500원
CJ)컵반BIG바질리조또 - 5,400원
CJ)컵반BIG트러플리조또 - 5,400원
사조)자이언트숯불후랑크 - 2,500원
MDS)젤리블리샤인머스켓 - 900원
초코)짱구21곡초코바 - 700원
하림)더미식백미밥210g - 2,300원
샘표)질러직화풍핫칠리30g - 4,000원
해태)초코홈런볼128g - 4,500원
하림)수비드닭가슴살100g - 4,500원
OKF)그린스무디제로P350ml - 2,200원
OKF)옐로스무디제로P350ml - 2,200원
뚜또)9칼로리레몬컵 - 2,200원
CJ)육즙불고기찐만두168g - 4,400원
매일)바나나는하얗다190ml - 1,400원
매일)바리스타스윗아메P - 2,500원
엘유)데이마카다미아쿠키 - 1,200원
엘유)데이비드초코칩쿠키 - 1,200원
테크)실내건조세제1.4L - 12,900원
블루나)비말흰색대형1P - 800원
롯데)핫식스더킹제로캔355 - 2,200원
서울)올데이프룻오렌250ml - 1,600원
서울)올데이프룻자두250ml - 1,600원
셀렉스)프로핏아메리카노 - 3,500원
태경)베지알찬만두(부추) - 4,300원
태경)베지알찬만두(김치) - 4,300원
코코)원피스오뚝이캔디10g - 2,500원
라라스윗)바닐라빈파인트 - 8,900원
CJ)스팸라이트340g - 8,200원
CJ)비비고삼계탕800g - 14,800원
남양)로스터에스프레320ml - 3,200원
남양)로스터바닐라320ml - 3,200원
남양)테이크핏프로틴곡물 - 2,900원
남양)테이크핏프로틴초코 - 2,900원
매일)상하밀크컵 - 5,200원
매일)상하딸기컵 - 5,200원
매일)상하밀크파인트 - 13,500원
매일)상하딸기파인트 - 13,500원
인테)곤약젤리복숭아 - 1,900원
인테)곤약젤리청포도 - 1,900원
한일)왕튀김불맛볶음우동 - 3,700원
대산)포켓몬우산별사탕 - 2,500원
바프)허브솔트믹스넛30g - 2,200원
바프)메이플믹스넛30g - 2,200원
티오피)돌체라떼캔275 - 2,400원
동원)양반소고기미역국300 - 5,000원
농심)누들핏어묵탕맛 - 1,800원
오뚜기)돼지김치짜글이450 - 7,800원
웅진)만한마라우육면 - 4,800원
웅진)만한홍샤오우육면 - 4,800원
사조)한돈육포오리지널30g - 3,800원
사조)한돈육포데리야끼30g - 3,800원
오뚜기)컵밥카레밥 - 4,800원
빙그레)따옴ABC220ml - 2,200원
코코)물고기모양마시멜로 - 1,500원
동서)오레오시나몬번 - 2,000원
한성)미니후랑크40g - 1,500원
CJ)컵반BIG스팸간장덮밥 - 4,800원
만전)김스깡60g - 2,700원
CJ)컵반BIG스팸매콤덮밥 - 4,800원
명도)미주라시리얼비스켓 - 3,000원
해태)자두젤리 - 1,500원
롯데)알뜰소시지150g - 1,800원
마즈)스키틀즈와일드베리 - 1,500원
몽뜨)산리오플리퍼즈캔디 - 2,800원
남양)과수원사과200ml - 1,600원
오리온)그래놀라철분바 - 1,200원
로투스)에그와플 - 1,700원
초코)초코비모나카 - 4,000원
정화)머거본꿀땅콩오징어 - 5,500원
미성)허쉬머쉬멜로핫초코 - 1,800원
오뚜기)진라면볶음밥230g - 4,500원
니베아)체리립케어 - 4,900원
CJ)백설소갈비양념290g - 4,500원
CJ)백설소불고기양념290g - 4,500원
오뚜기)선지해장국500g - 7,800원
대상)안주야매콤직화곱창 - 9,400원
동원)덴마크딸기275ml - 2,200원
동원)덴마크베리믹스275ml - 2,200원
동원)덴마크플레인275ml - 2,200원
동원)덴마크샤인머스275ml - 2,200원
동원)덴마크복숭아275ml - 2,200원
서울FB)타바론얼그레이 - 2,800원
서울FB)타바론루이보스 - 2,800원
바프)체다치즈아몬드40g - 2,200원
해태)썬키스트모과280ml - 2,000원
동아)나랑드파인P500ml - 2,000원
존슨즈)베이비로션핑크 - 6,000원
농심)사천백짬뽕사발컵 - 1,800원
하프)바나나크림라떼P410 - 2,700원
머거본)볶음땅콩100g - 3,000원
바프)와사비맛땅콩120g - 3,900원
CJ)맛군밤60g - 3,900원
빙그레)요플레토핑쿠키 - 2,000원
라벨리)옥수수익어가는바 - 1,200원
우양)점보체다모짜핫도그 - 2,500원
동서)리츠샌드레몬 - 2,200원
농심)멸치칼국수사발컵 - 1,800원
동원)덴마크바나바나우유 - 1,800원
만전)띠로링김스낵 - 2,000원
미성)허쉬쿠앤크타르트 - 1,500원
동원)덴마크초코초코우유 - 1,800원
동원)덴마크딸기딸기우유 - 1,800원
동원)덴마크민트초코우유 - 1,800원
동원)덴마크커피커피우유 - 1,800원
명도)미주라소이아비스켓 - 3,000원
바프)허니로스티드땅콩 - 3,900원
바프)로스티드솔티드땅콩 - 3,900원
오리온)투니스치즈크런치 - 1,500원
대산)드래곤볼에너지볼 - 2,000원
대산)드래곤볼에너지칩 - 2,000원
델리팜)로아카코코아밀크 - 4,500원
동원)리얼가쓰오크랩144g - 3,900원
유앤)짱구스탬프캔디 - 1,500원
하이트)진로토닉홍차300ml - 1,600원
대산)짱구지우개별사탕 - 2,500원
만전)무쳐먹는김무침75g - 4,700원
비알)초콜릿무스큐브55g - 2,000원
바프)멸치아몬드100g - 6,900원
동서)레드불캔355ml - 3,200원
나뚜루)바닐라미니컵 - 4,800원
서주)후르츄젤리 - 1,500원
라라스윗)생우유모나카 - 3,300원
라라스윗)초콜릿모나카 - 3,300원
나무)도라에몽마이링팝 - 2,500원
MDS)젤리블리한라봉 - 900원
서주)랄라콘블루베리쿠키 - 2,200원
더본)백종원고기짬뽕컵 - 1,900원
나무)짱구짜먹는젤리 - 1,500원
초코)초코비모나카커피 - 4,000원
CJ)솥반버섯영양밥200g - 3,900원
CJ)솥반꿀약밥210g - 3,900원
대상)종가집맛김치200g - 3,200원
사조)빠삭한입먹태갈릭25g - 5,900원
사조)빠삭한입먹태매콤25g - 5,900원
동원)리챔120g - 4,200원
삼립)닭가슴살바갈릭80g - 2,500원
한성)크래미90g - 3,000원
CJ)햇반현미귀리곤약밥 - 3,900원
CJ)햇반귀리흑미곤약밥 - 3,900원
CJ)수제고기만두327g - 5,900원
CJ)비비고배추김치400g - 5,900원
사조)스노우크랩킹70g - 2,600원
서주)산리오흔들어젤리 - 2,000원
하림)닭가슴바오리지널80g - 2,900원
하림)닭가슴바블랙페퍼80g - 2,900원
연세)마카초코우유240ml - 1,700원
연세)초당옥수수우유240ml - 1,700원
연세)콜드브루커피우유240 - 1,700원
바프)오리지널믹스넛30g - 2,200원
바프)군옥수수콘프라이즈 - 3,900원
바프)사천땅콩콘프라이즈 - 3,900원
튀김)바삭순살치킨꼬치N - 2,000원
튀김)바삭매콤순살꼬치N - 2,000원
코코)케로로오뚝이캔디 - 2,500원
농심)누들핏얼큰우동맛 - 1,800원
몽뜨)산리오스피너즈캔디 - 3,500원
농심)포테토칩엽떡맛50g - 1,700원
비알)뉴욕치즈케익큐브52g - 2,000원
서주)포켓웨하스초코 - 800원
빙그레)메로나맛우유240ml - 1,700원
코카)파워에이드제로P600 - 2,200원
CJ)다담순두부양념130g - 3,300원
CJ)다담된장찌개양념130g - 3,300원
롯데)탐스제로사과키위355 - 1,500원
롯데)탐스제로포도석류355 - 1,500원
광동)비타500제로병100ml - 1,200원
이디야)트리플아메리카노 - 2,700원
이디야)트리플스위트아메 - 2,700원
이디야)트리플바닐라라떼 - 2,700원
서주)롤링바딥브라운 - 1,600원
하림)챔라면컵 - 3,800원
CJ)다담떡볶이양념150g - 3,300원
농심)배홍동쫄쫄면 - 1,700원
동원)상상비프치즈30g - 4,600원
동원)상상육포안심30g - 4,600원
동원)상상페퍼솔트30g - 4,600원
롯데)트레비복숭아P500ml - 1,800원
짱구)파자마스낵세모딸기 - 2,000원
짱구)파자마스낵동글초코 - 2,000원
유앤)포켓몬팔찌캔디 - 3,500원
켈로그)그래놀라컵아몬드 - 2,400원
켈로그)그래놀라컵초코 - 2,400원
큐로)일리클래식원컵 - 1,700원
티젠)콤부차레몬P340ml - 2,000원
티젠)콤부차피치P340ml - 2,000원
오뚜기)우노피자페퍼로니 - 6,500원
CJ)비비고꼬리곰탕460g - 9,900원
한일)본고장유부우동 - 3,600원
하림)더미식비빔면 - 1,700원
롯데)꼬깔콘고소한맛134g - 3,400원
롯데)치토스바베큐맛164g - 3,400원
퓨리나)팬시피스트연어1입 - 2,200원
퓨리나)팬시피스트참치1입 - 2,200원
이멕스)헬로키티풍선껌 - 1,200원
CJ)햇반현미밥130g*3입 - 5,950원
CJ)햇반흑미밥130g*3입 - 5,950원
남양)테이크핏프로틴바나 - 2,900원
동아)나랑드그린애플캔245 - 1,400원
동아)나랑드파인애플캔245 - 1,400원
빙그레)식물성바유190ml - 1,500원
서울)강릉커피바닐라250ml - 2,700원
매일)바리스타돌체325ml - 3,200원
코주부)특대육포스테이크 - 6,600원
코주부)특대육포숯불65g - 6,600원
HK)티로그청귤녹차P500 - 2,200원
HK)티로그복숭아홍차P500 - 2,200원
하림)더미식설렁탕350g - 5,500원
하림)더미식소고기미역국 - 5,500원
인테)곤약젤리요구르트 - 1,900원
뉴초)아쌈솔트밀크티400ml - 2,500원
롯데)2프로아쿠아제로P500 - 1,800원
서주)소금바닐라샌드 - 2,500원
비알)스트로베리큐브52g - 2,000원
CJ)고기전용쌈장450g - 6,400원
어니)잔망루피오뚝이캔디 - 3,000원
유로)햄치즈치아바타샌드 - 4,300원
대상)안주야군옥수수먹태 - 5,900원
어니)짱구망고팡젤리 - 1,500원
서주)레어케이크 - 2,500원
티젠)콤부차샤인머스캣10T - 7,500원
미스)포켓몬스피너즈젤리 - 3,500원
미성)폴프랭크옥수수통칩 - 1,500원
롯데)더하다우엉차P500ml - 2,000원
한성)크래미프로틴볼75g - 2,800원
코카)코카제로레몬캔355ml - 2,000원
빙그레)아카페라UP돌체 - 2,400원
대산)짱구그시절도나쓰 - 1,400원
대산)짱구초코도넛 - 1,400원
푸르밀)카페베네모카200 - 1,900원
푸르밀)카페베네라떼200 - 1,900원
서울FB)타바론로얄밀크티 - 2,800원
바프)카라멜땅콩프레첼120 - 3,900원
바프)버터코코넛땅콩120g - 3,900원
롯데)제로밀크모나카 - 2,500원
롯데)제로밀크소프트콘 - 2,500원
튀김)뉴자이언트지파이N - 2,900원
롯데)초코파이 - 5,400원
라라스윗)생우유빵샌드 - 3,300원
라라스윗)초콜릿빵샌드 - 3,300원
삼립)미니꿀약과 - 1,000원
동서)리츠크래커어니언 - 1,800원
동원)양반오미자차500ml - 2,200원
롯데)더하다헛개차P500ml - 2,000원
맥널티)청포도제로티P500 - 2,200원
미스티)포켓몬마이스탠드 - 4,500원
HEYROO감자칩득템오리지널 - 1,600원
HEYROO감자칩득템어니언 - 1,600원
CJ)전복내장죽420g - 5,900원
CJ)한우소고기죽420g - 5,900원
삼립)닭가슴살바청양80g - 2,500원
삼립)하이면갈릭면볶이 - 3,800원
한성)크래미블랙트러플70g - 2,500원
한일)동치미막국수컵 - 3,600원
썬푸드)치즈파스타오징어 - 4,500원
라벨리)청도홍시빙수 - 3,500원
티젠)콤부망고구아바10T - 7,500원
CJ)비비고칩오리지널40g - 3,900원
CJ)비비고칩스위트콘40g - 3,900원
CJ)도가니곰탕460g - 9,900원
CJ)시래기된장국460g - 5,900원
대상)안주야직화오돌뼈 - 9,400원
삼립)하이면순두부짬뽕 - 3,800원
삼립)하이면옛날짜장 - 3,800원
한일)비빔막국수컵 - 3,600원
한일)들기름막국수컵 - 3,600원
대상)마이밀퓨로틴곡물 - 2,900원
대상)마이밀퓨로틴초코 - 2,900원
샘표)우리엄마매콤한깻잎 - 3,300원
CJ)소고기장터국500g - 5,900원
CJ)낙지김치죽420g - 5,900원
농심)직화쌀짬뽕컵 - 1,800원
오뚜기)순후추순대국밥 - 4,800원
대상)안주야직화불근위 - 9,400원
서울)올데이프룻키위250ml - 1,600원
MDS)젤리블리애플망고 - 900원
동화)비타천플러스병120ml - 1,200원
바프)양파멸치아몬드100g - 6,900원
하림)더미식메밀비빔면 - 1,800원
미스티)츄잉츄잉포도껌 - 1,800원
미스티)츄잉츄잉소다껌 - 1,800원
썬푸)스노윙파스타오징어 - 4,500원
썬푸드)피자파스타오징어 - 4,500원
서주)개구리알젤리콜라맛 - 2,000원
경남)레모나젤리 - 1,500원
나무)설빙인절미젤리 - 2,000원
페브리즈)실내건조370ml - 10,800원
농심)오이오차녹차P500 - 2,200원
한일)서울김치말이국수컵 - 3,600원
씨믹스)라스베리구미 - 2,000원
삼립)크래프트감자스프 - 4,500원
삼립)크래프트양송이스프 - 4,500원
한성)크래미틈새라면맛70g - 2,500원
선우)먼작귀빅스마트톡 - 9,900원
해태)자유시간쿠키앤크림 - 1,000원
CJ)비비고추어탕460g - 7,900원
CJ)햇반녹두닭죽420g - 5,900원
CJ)비비고감자탕460g - 7,900원
CJ)비비고순댓국460g - 7,900원
CJ)햇반전복삼계죽420g - 5,900원
삼립)로테부어스트바70g - 2,500원
코카)코카콜라제로제로250 - 1,700원
해태)얼그레이크림연양갱 - 900원
해태)프리츠얼그레이크림 - 1,500원
오뚜기)김치전믹스320g - 8,300원
오뚜기)감자전믹스200g - 5,500원
라라스윗)생우유파인트 - 8,900원
바프)매운멸치아몬드100g - 6,900원
서주)비타500아이스튜브 - 1,800원
서주)비타500아이스쿨 - 3,000원
FB)썬키스트망고컵 - 1,700원
FB)썬키스트파인애플컵 - 1,700원
서주)쿠로미초코만들기 - 2,500원
오뚜기)냉장된장찌개250g - 3,500원
오뚜기)냉장김치찌개250g - 3,500원
롯데)핫식스더킹피치캔355 - 2,200원
윙크)극초박형콘돔3P - 6,000원
뉴초)닥터큐포도젤리 - 1,200원
뉴초)닥터큐망고젤리 - 1,200원
오뚜기)냉장머쉬룸스프 - 3,000원
오뚜기)냉장콘크림스프 - 3,000원
나뚜루)넛츠크림커피바 - 4,800원
나뚜루)넛츠크림커피컵 - 4,800원
CJ)얼티브비건프로틴커피 - 2,900원
CJ)얼티브비건프로틴초코 - 2,900원
우양)브라더꽈배기260g - 6,900원
SC)포켓몬팝핑콜라캔디 - 2,000원
SC)포켓몬팝핑전기캔디 - 2,000원
CJ)비비고칩포테이토40g - 3,900원
마스터)헤이즐넛블랙500ml - 2,600원
동서)포스트밸런스바 - 2,000원
동서)포스트액티브바 - 2,000원
CJ)그레인수프베이컨감자 - 3,900원
CJ)그레인수프단호박크림 - 3,900원
CJ)그레인수프양송이크림 - 3,900원
MDS)젤리블리납작복숭아 - 900원
하림)더미식백미밥180g*3P - 5,700원
우양)블랙크리스피핫도그 - 2,300원
우양)블랙모짜치즈핫도그 - 2,400원
SC)포켓몬팝핑사과캔디 - 2,000원
농심)짜파게티만능소스 - 6,000원
매일)상하미니치즈체다48g - 2,800원
매일)상하미니치즈크림48g - 2,800원
서강)홍콩다방밀크티 - 2,700원
서강)홍콩다방동윤영 - 2,700원
해태)앙꼬생생감자칩매쉬 - 1,800원
해태)앙꼬생생감자칩피자 - 1,800원
우양)브라더단팥도너츠 - 6,900원
우양)브라더치즈도너츠 - 6,900원
CJ)햇반현미쌀밥210g - 2,800원
프레시)서울우유밀크바 - 1,800원
동그린)혀땳은앙꼬바 - 1,800원
아라움)후라이드김35g - 4,900원
아라움)후라이드김참깨35g - 4,900원
아라움)후라이드김트러플 - 4,900원
훼밀리)즉석골든카레순한 - 4,800원
훼밀리)즉석골든카레약매 - 4,800원
에스카)프로틴스쿱밀크 - 3,900원
에스카)프로틴스쿱초코 - 3,900원
매일)셀렉스콜라겐5000 - 2,500원
해태)후렌치파이사과 - 4,200원
오뚜기)마열라면컵 - 2,000원
사조)치즈인더감자후랑크 - 2,200원
삼립)오리진부어스트70g - 2,500원
동아)나랑드콤부차P400ml - 2,500원
서주)문파워밀크티웨하스 - 2,800원
짱구)짱달달커피280ml - 1,600원
할리스)바닐라딜라이트 - 2,900원
할리스)카페라떼300ml - 2,900원
오뚜기)순후추치킨180g - 5,600원
동원)딤섬샤오롱바오168g - 4,900원
CJ)소바바순살치킨180g - 5,900원
대상)안주야치즈촘촘육포 - 3,900원
티디)생미쉘그란데초코 - 5,500원
티디)생미쉘그란데갈라떼 - 5,500원
하이트)진로토닉피치300ml - 1,600원
사조)크라비아스틱60g - 2,000원
청정)몽베스트P500ml - 1,100원
짱구)짱달달커피900ml - 3,000원
짱구)액션가면프로틴초코 - 3,000원
CJ)토비콤아이타민캔250ml - 1,500원
미성)리치허니쌀과자120g - 3,500원
앰지)밀카스트로베리 - 3,200원
농심)라면왕김통깨사발 - 1,800원
오뚜기)마열라면봉지 - 1,500원
삼립)안달루즈부어스트70g - 2,500원
미성)오트밀미니바이트40g - 1,500원
미성)오트밀치즈바이트35g - 1,500원
이맥스)미고랭컵라면소컵 - 1,500원
동서)콘푸라이트컵30g - 1,900원
동서)오레오오즈컵30g - 1,900원
한성)몬스터후랑크페퍼 - 2,500원
올라)스포츠프로틴코코아 - 2,900원
니베아)히알루론립케어 - 6,500원
튀김)치킨텐더꼬치N - 1,800원
튀김)가라아게꼬치N - 2,000원
하림)더미식닭곰탕350g - 6,500원
남양)테이크핏호박고구마 - 2,900원
​",https://blog.naver.com/patently/223225294117,,20231001,2026-04-27 16:18:40
세븐일레븐 롯데 포켓델리베지스틱,1월 16일~22 코스트코 1월 셋째주 할인상품 (양재점 영업시간... ,구증구포흑도라지스틱 AHC 마스크팩 세트 4종 김정문알로에 큐어 스킨케어세트 LG생활건강 수려한... 라이프컴포트 포켓 랩 스타일 담요 씰리 다운얼터너티브베개 GEOX 제옥스 여성 스니커즈 캘빈클라인... ,"​
코스트코 양재점
1월 셋째주(16일~22일) 할인상품
안녕하세요
모카쿠키입니다
٩(ˊᗜˋ*)و♪♥
​
1월 16일~22일까지의
코스트코 양재점 할인상품입니다!
​
​
1월 16일 방문일 기준의 할인정보이며
각 상품마다 할인기간이 다를 수 있다는 점
유의해주세요!
​
각 지점마다 할인상품 품목이나 할인기간 등이
다를 수 있다는 점도 유의해주세요!
​
이번주 21일부터는 설연휴로
단축영업 및 휴점 예정이오니
일정 참고해주세요! :)
​
대체로 왼쪽사진이 가격사진이며,
오른쪽 사진이 상품사진입니다!
사진은 클릭하시면
크게 보실 수 있습니다! :)
​
오늘 할인 참 많으니
스압주의...!!!!
​
그럼 지금부터
1월 셋째주(16일~22일) 코스트코 양재점
할인상품 정보를 시작해볼게요!>_<!!
코스트코 양재점
​
영업시간: 매일 08:00-22:00
​
1월 설연휴 휴무 및 단축영업:
21일(토요일) 저녁 7시 조기폐점
22일 (일요일) 설날 휴무
코스트코 양재점 1월 셋째주 행사안내입니다.
브람스 안마의자 로드쇼
삼립 호빵 슈퍼데모
​
행사 진행중입니다!
코스트코 양재점 1월 16일~22일 1층 공산품
할인상품입니다
​
바이타믹스 블렌더 V1200I
닌자 뉴트리듀오블렌더
AM 에이엠 유선 다지기 FC-C20
안방 연기잡는 그릴 AB507FCO
해마루 와이드그릴 HM-R5400
필립스 라떼에스프레소머신 EP3221/43
코렐 더블링디너웨어 4인세트
테팔 프리시즌 프라이팬
글라스락 핸디형보관용기
프리파라 오일 스프레이
락앤락 실리콘조리도구
트라몬티나 믹싱볼세트
노스웨스트소싱 블랙 쿠킹화로
콜맨 접이식 테이블
리델 와인잔 460ml
미스터앤미세스 지지4개&선물박스 세트
1층에 있는 설 명절 선물세트
대대적으로 할인하고 있어요!
지난주보다 급격하게 늘은
설 명절 선물세트들
영상으로도 담아봤어요! :)
동원 건강한C32호
동원 혼합C1호
동원 건강한C7호
CJ제일제당 특별한선택 스페셜 CC-2호
CJ제일제당 특별한선택 스페셜 CC-1호
CJ제일제당 스팸 CC-1호
동원 양반달의김C25호
백설 오일혼합선물세트
안옥남 다시팩혼합세트
일품채 표고버섯혼합세트
일품채 건강버섯모둠세트
궁 쇠고기육포 선물세트
파라마운트 팜즈 견과 선물세트
파라마운트 팜즈 트레일믹스 세트
호정가 차평한과 선물세트
화과방 생과자 세트
시바스리갈 12년 스코틀랜드
프랑스와인세트 2호 보르도SUP, 메독
아우스토노베볼레 로마냐스푸만테 세트
조말론 향수 100ml
라보에이치 샴푸&트리트먼트 헤어케어 선물세트
히말라야 핑크솔트펌핑치약
오스트레일리안 보태니컬 비누
히말라야 핑크솔트 선물세트
보헤미안박이추 커피선물세트
도밍고 차선물세트
리튠 마누카녹용진액골드
한뿌리 구증구포흑도라지스틱
AHC 마스크팩 세트 4종
김정문알로에 큐어 스킨케어세트
LG생활건강 수려한 수윤 2종 세트
끌레드벨 스킨케어세트
밸런스 그로우 지역명가선물세트
씨위드 감태김 세트
씨위드 찹쌀부각세트
정관장 홍삼원력
종근당건강 6년근 홍삼골드
정관장홍삼정 스틱 에브리타임 밸런스
정관장 홍삼정 현세트
정관장 홍삼정캡슐 현 세트
한뿌리 흑녹천
한뿌리 흑삼복합C호
종근당건강 침향환 선물세트
종근당건강 발효홍삼력진
종근당건강 산삼배양근 진
뉴케어 구수한맛 플러스
웨이더(관절&뼈) 조인트&본컴플렉스
송악농협 흑염소진액
뉴트리원 루테인지아잔틴 164+
종근당건강프로메가 알티지오메가세트
엔젯오리진 비타프레쉬VIT C&D
코스트코 1월 셋째주 삼성페스타
삼성전자 할인상품입니다
삼성 스마트모니터 (리모컨포함)
LENOVO 레노보 씽크패드 노트북
삼성 갤럭시북2
제노스 UHD 스마트전자칠판
삼성 UHD TV 43형
삼성 QLED TV 65형
삼성 UHD TV 65형
삼성 UHD TV 55형
삼성 UHD TV 70형
삼성 UHD TV 85형+T400 사운드바
삼성 NEO QLED TV 85형+Q600B 사운드바
삼성 UHD TV 75형+T400 사운드바
삼성 사운드바시스템 HW-Q990B
삼성 THE SERIf QLED TV 55형
삼성 QLED TV 75형+S50B 사운드바
삼성 QLED TV85형 S50B 사운드바
삼성 NEO QLED TV 75형+Q600B 사운드바
삼성 NEO QLED TV 85형+Q600B 사운드바
삼성 비스포크 키친핏 김치냉장고 313L
삼성 비스포크 키친핏 냉장고&김냉 세트
삼성 비스포크 김치냉장고 490L
삼성 비스포크 김치냉장고 586L
삼성 비스포크 제트청소기 220W
삼성 제트청소기 SE 150W
삼성 비스포크 제트봇 AI SE
삼성 비스포크 큐커 22L
삼성 뚜껑형 김치냉장고 221L
삼성 비스포크 키친핏 냉장고 615L
삼성 푸드쇼케이스냉장고 865L
삼성 비스포크 키친핏 냉장고 333L
삼성 비스포크 키친핏 냉장고&김냉 세트
삼성 키친핏 냉장고 409L, 터치오픈도어
삼성 비스포크 키친핏 냉장고&변온고세트
삼성 키친핏 변온냉동고 240L, 터치오픈도어
삼성 키친핏 김치냉장고 348L
삼성 양문형 냉장고 845L
삼성 냉동고 247L
삼성 비스포크 AI 건조기 20kg
삼성 비스포크 AI 세탁기 25kg
삼성 비스포크 AI 세탁기&건조기세트
삼성 그랑데 AI 건조기 19kg
삼성 그랑데 AI 세탁기 24kg
삼성 그랑데 AI 세탁기 건조기 세트
삼성 그랑데 세탁기 23kg
삼성 블루스카이 공기청정기
LG 엘지 퓨리케어공기청정기
엡손 잉크젯복합기 L3266
전기 파티오 히터 정원용 높이조절가능
전기히터 천정형 LED 조명기능
전기히터 스탠딩형
클라베드제이 다이아몬드목걸이
클라베드제이 다이아몬드반지
노비타 비데BD-H721H0
노비타 비데BD-C300G0
프리즘 LED 데스크램프 PL-2800WH
푸드세이버 진공포장기 VS3194-071
JMW 헤어드라이어
쿠쿠전자 스팀다리미 CSI-A101
닥터웰 히팅웰 돌 찜질기 DR-177
쿠쿠 10인용 압력밥솥 CRP-ST1010FC
쿠첸 IH 6인용 압력밥솥 CRT-RPK0670P
네스카페돌체구스토 캡슐커피머신 NEW GENIO BLACK
휘슬러 쿡웨어 세트
오버앤백 우드핸들트레이
락앤락 냉장고 정리트레이
브리타 플로우 정수용기 8.2L
글라스락 밀폐용기 세트
트라이앵글 주방도구세트
AGIT 아지트 아동용 눈썰매
볼빅 골프클럽 세트 여성용
인라이프 대용량핫팩
아이스토리 차량용스마트폰 무선충전거치대
3M 후투로 자세교정밴드
3M후투로 손목 보호대
메모리폼 나비모양 목 쿠션
휠라 안티버스트 짐볼
BAYSIDE 엑센트 캐비넷
미끄럼방지 옷걸이
대림바스 세면대필터헤드 리필필터 포함
COSCO 코스코 접이식 3단 사다리
일룸 데스커 컴퓨터 책상
장수돌침대 퀼팅 프레임-퀸
스탠리 2in1 기능
아이리스 서랍형 수납함 40L
SEVILLE 다용도 3단신발장
듀라셀 울트라알카라인 건전지AA
듀라셀 울트라알카라인건전지 AAA
야마하 디지털피아노
엠피지오 LCD 스케치몬 보드 듀오
자바넥 목 스트레칭기
시스맥스 올리오 책꽂이 3단
3M 쓰리엠 매기/다용도테이프
3M 쓰리엠 박스테이프
금홍팬시 우든스탬프세트
도우들 코스트코 퍼즐
창 생활암막커튼
지퍼락 버라이어티 냉장백 소형, 미니
이지엔 슬라이더스탠딩지퍼백
이지엔 일회용 비닐장갑
이지엔 에어프라이어종이호일
윙크 위생 롤도마
커클랜드 시그니처 탄산수
스카치브라이트 베이킹소다 수세미
스카치브라이트 다용도 도트수세미
스카치브라이트 옥수수그물망사수세미
스카트 일회용수세미
스카치브라이트 청소용브러쉬세트
BREF 브레프 변기세정볼(레몬)
홈스타 욕실청소용클리너
슈가버블 애플향 주방세제
스카치브라이트 베이킹소다크린스틱
팜올리브 주방세제(울트라)
프로쉬 주방세제
르샤트라 퍼퓸탈취제 피오니부케
프릴(헨켈) 베이킹소다 주방세제 레몬향
프로쉬 알로에베라세탁세제
FIJI 피지 시트형 세탁세제
리큐 세탁세제
액츠데오후레쉬 세탁세제+베이킹소다
다우니 항균파워섬유유연제
퍼실 어드밴스드젤세탁세제
FIJI 피지 세탁세제 항균플러스
비트 세탁세제
슈가버블 과탄산소다 표백제
샤프란 꽃담초 섬유유연제
다우니 섬유유연제 에이프릴프레쉬
리스테린 구강청결제
센소다인 멀티케어 치약
좋은느낌 유기농순면 울트라슬림날개
좋은느낌 유기농순면 커버라이너 롱, 일반
하기스 네이처메이드 팬티형 4단계
하기스 네이처메이드 팬티형 5단계
코스트코 1월 셋째주 화장품 할인상품입니다
​
동국제약 센텔리안24 마데카 멜라캡쳐앰플
실크테라피 골든앰플헤어에센스
실크테라피 수프림 트리트먼트
알페신 C1 샴푸
바이오더마 클렌징워터
리스테린 검케어 구강청결제
리엔 물들임 샴푸&트리트먼트
리치 키즈 7세 이상
리치 칫솔 3-6세
쉬크 하이드로5 커스텀 면도기 세트
페리오 초극세모 칫솔
피지오겔 DMT 로션
피지오겔 DMT 크림
유세린 안티에이징 에센스
아비노 바디로션 무향
아비노 바디로션 자몽향
세타필 뉴 모이스처라이징 크림
바이오더마 아토덤 보습 크림
김정문알로에 인텐시브 크림
세타필 뉴 모이스처라이징 로션
오킵스 핸드크림
버츠비 립밤
수려한 비책진생 윤 크림
수려한 비책진생 윤 유액
수려한 비책진생 윤 수액
차앤박 그린프로폴리스앰플
파워풀엑스 리커버리크림
셀렉스 밀크세라마이드콜라겐
LG생활건강 태극제약 도미나스 기미케어 크림
크리넥스 보습소프트미용티슈
스카트 핑크 행주타월 6롤
크리넥스 마이비데 물티슈
피프 에레키반자석파스
관절N 리프리놀 초록입홍합 추출오일
코스트코 양재점 1월 16일~22일 건강보조식품
할인상품입니다
​
종근당건강 어린슈퍼콜라겐스킨핏
매일유업 골든밀크
영진 구론산바몬드
네이처메이드 마그네슘
혈중콜레스테롤엔폴리액티브
블랙모어스 피쉬오일미니캡슐
루마인홈 오가닉 차렵이불 퀸사이즈
루마인홈 오가닉 차렵이불 싱글사이즈
썸니아 고밀도 폴란드 구스 이불 퀸
썸니아 고밀도 폴란드 구스 이불 싱글
박홍근 홈패션 자수/러셀 극세사 이불/퀸사이즈
레노마홈 모달 이불세트 싱글
코지네스트 호텔식 베딩세트 싱글
썸니아 면 솔리드 패드 퀸
플로티나 극세사 카페트
BALTA 대형러그 200x290cm
BALTA 발타 대형 러그 160x230cm
에이프릴앳홈 스판 극세사 토퍼 퀸
라이프컴포트 포켓 랩 스타일 담요
씰리 다운얼터너티브베개
GEOX 제옥스 여성 스니커즈
캘빈클라인 여성조거 세트
GAP 갭 아동긴팔티셔츠
알로봇 아동 팬티
바이네르 남성 가죽화
1월 셋째주 코스트코 양재점 1층에서
브람스 안마의자 로드쇼
행사 진행중입니다
​
#코스트코브람스안마의자로드쇼
게스 남성긴소매티셔츠
푸마 남성후드티셔츠
타미힐피거 여성플리스 후디
챔피온 여성플리스후디
푸마 여성플리스크루티
아디다스 남성 스웨트셔츠
폴로 랄프로렌 남성긴소매티셔츠
EDTION 에디션 남성 스트링바지
콜럼비아 남성플리스본딩바지
뉴발란스 남성 긴소매티셔츠
뉴발란스 남성 플리스바지
MONDETTA 몬데타 여성카고바지
리디아바인 여성 캐시미어 니트
스플렌디드 여성 조거 바지
32DEGREES 여성 조거 바지
콜럼비아 여성플리스바지
32DEGREES 여성 크루티
게스 키즈 아동본딩 청바지
푸마 아동트레이닝바지
리바이스 아동플리스후디
엘르키즈 코듀로이원피스
리바이스 아동 기모 청바지
콜럼비아 아동플리스후디재킷
OUTDOOR PRODUCTS 아동리버서블다운
네파 키즈플리스재킷
웨더프루프빈티지 아동자켓&반소매티
푸마 남성본딩자켓
푸마 남성 셔파 재킷
루마인홈 플라워 쿠션
​
지금까지 양재점 1층 할인상품이었구요!
이제 지하 1층 식품관으로 내려가볼게요!
코스트코 양재점 1월 16일~22일 지하식품관 할인상품입니다.
​
카사노바 레이트 리제르바
커클랜드 시그니처 상그리아
더건강한 허니 슬라이스햄
굴비세트 조기
반건조참돔우럭세트
프라텔리 베레타 프로슈토
사조오양 구르메 델리햄세트A
사조오양 구르메 델리햄세트C
냉장 부채스테이크
미국산냉장육 채끝
미국산냉장육 등심
호주산양고기 양갈비
국산냉장돈육 통삼겹살
국산냉장돈육 삼겹살
호주산양고기 양갈비선물세트
손질두절가자미
냉동척아이롤
코스트코 1월 셋째주 와인 할인상품입니다.
​
트로피칼 망고 무스카토
켄달 잭슨 샤도네이
빌라마리아 쇼비뇽 블랑
스택스립 더립 까베르네쇼비뇽
켄달잭슨 까베르네 쇼비뇽
카모미 나파밸리 까베르네쇼비뇽
덕혼 포스트마크 파소로블스까베르네쇼비뇽
몬테스 알파 피노누아
몬테스 알파 까르미네르
투핸즈 호프 앤 드림
세펠트파운데이션 샤람바르쉬라즈
기솔피 바롤로
트레스 피코 보르사오 가르나챠
와일드터키101 8년 버번위스키
로베르토 카발리 파인애플 보드카
커클랜드 시그니처 프렌치 보드카
타이거 캔맥주
하이네켄 드래프트 케그
베일리스 아이리쉬 크림
스노우글로브 진 리큐르
브루어스애드밴트 맥주 캘린더
커클랜드 시그니처 시트라홉세션IPA
하이네켄 캔맥주
카프리썬 멀티 비타민주스
카프리썬 오렌지망고주스
배스킨라빈스 딸기맛우유
요플레 이지드링크플러스
커클랜드 시그니처 유기농 후룻&베지 파우치
이롬 모로오렌지 주스
하이트진로 토닉워터 플레인
델몬트 오렌지주스
칸타타 콘트라베이스 콜드브루
커피빈 헤이즐넛라떼
폴바셋 돌체라떼
종근당 락토조이제로
웅진 하늘보리
하이트진로 블랙보리
코카콜라 제로
코카콜라 페트
코카콜라 캔
펩시 캔
오랑지나 탄산음료
웰치스 탄산소다/포도맛
산펠레그리노 자몽스파클링
산펠레그리노 스파클링주스
불로초밀감
씨없는 청포도
하림 동물복지 인증계란
팽성농협 아끼바레현미
미이랑 페루산 퀴노아
안동농협 백진주쌀
용인농협 아끼바레쌀
코스트코 양재점 지하 1층 식품관에서
현재 삼립 호빵 슈퍼데모 행사진행중입니다
​
삼립 우리밀 통단팥호빵
삼립 우리밀야채 호빵
​
#코스트코삼립호빵슈퍼데모
본비 우엉차
네스카페 테이스터스초이스커피
커클랜드 시그니처 유기농 건체리
오션스프레이 건크랜베리
미니뺑오쇼콜라
소보로단팥빵
치즈어니언브레드
​
미니뺑오쇼콜라랑 소보로단팥빵 포스팅했었죠!
둘다 맛 괜찮았었기에 추천해요!>_<ㅎㅎ
​
#코스트코빵추천
퀘이커 심플리그래놀라
켈로그 크랜베리아몬드 그래놀라
켈로그 컵 시리얼
청정원 고구마츄
켈로그 콘푸로스트라이트슈거
​
퀘이커 심플리 그래놀라랑 켈로그 그래놀라,
켈로그 콘푸로스트 라이트슈거 셋 다 폿팅했었죠!
​
셋다 맛도 괜찮았어요! 추천해요! :)
커클랜드 시그니처 프로틴바
삼립 오븐에구운버터도넛
오데이 누가샌드위치 크래커
밸런스밀 프로틴쿠키
씬 어딕티브 크랜베리 아몬드쿠키
​
크랜베리아몬드쿠키 예전에 리뷰했었죠!
저희집은 맛도 괜찮고 인기 많아서 재구매했어요!
비스코티 식감처럼 바삭한 쿠키 좋아하신다면
추천해요!
검정깨크리스피롤
크런치롤러스 유기농 현미강정
신화당 종합전병
닥터큐 과즙 젤리 4종
농심 우와한 콩칩
농심 포테토칩
킨더 부에노초콜릿
킷캣 오리지널 초콜릿
몰티져스 밀크 초코볼
​
여러분 포테토칩 드디어 할인!!
쟁여오세요!>_<ㅋㅋㅋ 존버는 승리한다..ㅠㅠㅋㅋ
킨더 부에노 맛있어요! 초코하임 좋아하신다면
고급버전 과자로 추천해요!ㅎㅎ
커클랜드 시그니처 프리미엄애견사료
커클랜드 시그니처 소형견사료
​
이제 냉동냉장코너쪽으로 가볼게요!
냉동냉장코너 앞에 있는
설 과일선물세트 입니다
​
이중에서는
신고배 세트만 할인이었어요!
코스트코 양재점 1월16일~22일
냉동냉장식품 할인상품입니다.
​
삼진어묵 어부의바
한성 크래미
동원 더킹 크랩스
더건강한 샌드위치햄
롯데햄 의성 마늘햄
매일유업 휘핑크림 24% 스프레이타입
TRUEFRUIT 열대망고(즉석컵)
하겐다즈 미니컵 컬렉션
이지쉐프 씨앗달달호떡
나탈리스 플로리다오렌지주스
커클랜드 시그니처 냉동딸기
고메 크리스피 핫도그
한우물 소고기잡채
사옹원 육전
박가네 빈대떡 녹두빈대떡
​
명절을 맞이해서 전 냉동식품도 들어왔어요!
박가네 빈대떡 리뷰했었죠!
맛도 좋고 두툼해요 추천해요!>_<!!
한성기업 프리미엄 해물경단
CP 통새우완탕
프리미엄 초이스 튀김 새우
알찬해 해물잔치
커클랜드 시그니처 생새우
사옹원 모둠전
​
이거 찾으시는 분들 은근 계시더라구요!
들어왔어요!ㅎㅎ
청년떡집 인절미 팥쑥떡
고삼농협 한우곰탕
씨제이 도톰 동그랑땡
하림 치킨너겟
천일 낙지볶음밥
​
인절미 팥쑥떡 맛 좋아요 추천해요!
씨제이 동그랑땡도 차례지낼때 계란물 묻혀서 구우면
편하고 맛있어요!
낙지볶음밥도 매콤하고 괜찮아요!
셋다 리뷰했었죠!>_< 저희집은 재구매하는 제품이에요!
햇반쿡반 김치치즈주먹밥
비비고 왕교자
풀무원 얇은피고기만두
개성 제주돼지 감자만두
고메 중화짬뽕
그린촌 냉동다진마늘
비비고 남도 떡갈비
고메 바삭쫄깃한탕수육
​
떡갈비 맛있어요 추천해요!
씨제이 볼로냐스파게티
다담 된장찌개 양념
풀무원 톡톡썰어담은 김치
종가집 마늘김치
샘표 연두
샘표 양조간장 701
커피빈 바닐라파우더 헤이즐넛파우더
프렌치카페 카페믹스
스위스미스 마시멜로코코아
백설 남해굴소스
백설 소갈비양념
남안동농협 고춧가루
해찬들 태양초 고추장
롯데 미림 요리전용맛술
비비고 소고기 장터국
풍국면 들기름막국수
떡볶이의신 짜장라볶이
동원 자연산꽁치
스팸 마일드
동원 고추참치
보노 옥수수알콘스프
양반 통단팥죽
양반 단호박죽
햇반 컵반치킨마요덮밥
​
보노 콘스프 리뷰했었죠!
겨울에 먹기 괜찮더라구요! 추천해요 :)
양반 특전복죽
햇반 솥반꿀약밥
온가족 누룽지미니
스팸 클래식
햇반 발아현미밥
비비고 사골곰탕진
비비고 육개장
농심 새우탕/튀김우동
농심 사천백잠뽕큰사발
농심 안성탕면
농심 신라면
농심 라면왕김통깨
원더풀 무염 피스타치오
​
이렇게 코스트코 양재점 1월 16일~22일
1월 셋째주 할인상품이었어요!
​
명절 전이라 할인상품이 많더라구요!
명절선물세트 포함해서 다양하게 할인하고 있으니
참고하셔서 즐겁고 알뜰한 쇼핑하시길 바래요!!
​
오늘도 방문해주셔서 감사하구요!
미리 명절 인사드릴게요!
새해 복 많이 많이 받으시고
즐거운 연휴 보내시길 바랍니다!
​
우린 다음주에 뵈어요~>_<ㅎㅎ
그럼 이만,
안뇨오오옹~~>_<//
#푸드인플루언서
#인플루언서맞팬환영
#서이추환영
#코스트코모카쿠키",https://blog.naver.com/mokkacookie/222985911792,Hallo!! Willkommen! :),20230116,2026-04-27 16:18:43
세븐일레븐 롯데 포켓델리베지스틱,GS25 5월 행사 상품,"6,500원 롯데)숙취해소깨수깡160ML - 5,000원 롯데)2%부족할때(복숭아)500ML - 1,800원 롯데)2... 2,000원 델리팜)투시팝미니어쳐1200 - 1,200원 델리팜)투시후르티1200 - 1,200원 흥선)... ","★1+1★
컬러송이토마토(500G/팩) - 8,900원
Y(P)을지로라면볶음밥(매운맛) - 3,500원
Y(P)을지로라면볶음밥(짜장맛) - 3,500원
캐나다한끼스테이크150G(냉동) - 9,900원
웰메이드)일회용마스크5매(백색) - 6,500원
웰메이드)일회용마스크5매(블랙) - 6,500원
대림)꼬꼬봉50G - 1,800원
바삭바삭대추100G - 7,500원
NEW)수제양꼬치냉동100G(5입) - 7,900원
코카)탄산레몬에이드500ML - 1,800원
조지아)카페헤이즐넛향500ML - 2,000원
팔도)곰표밀식혜340ML - 1,500원
노가리먹태1입 - 5,500원
네모난물)시그니처물티슈70매 - 3,900원
바사삭단대추40G - 3,500원
빙그레)끌레도르청정제주녹차바 - 4,300원
빙그레)끌레도르클린라벨초코 - 11,600원
빙그레)끌레도르클린라벨커피474 - 11,600원
키친센스키친타올150매*4입 - 7,600원
유어스)페이스식스일회용면도기 - 2,500원
Y)페이스4일회용면도기1입 - 1,900원
메디안)은나노향균미세모칫솔 - 3,000원
메디안)트리플솔루션칫솔1P - 1,900원
메디안)치석치약오리지널 - 4,500원
바른생각)젤스텐다드5P(파우치) - 5,900원
생활도감)혀클리너(블랙) - 4,900원
킨더가드)일회용마스크5입(아동 - 4,500원
홈케어)일회용마스크5매(백색) - 6,500원
롯데)숙취해소깨수깡160ML - 5,000원
롯데)2%부족할때(복숭아)500ML - 1,800원
롯데)2%아쿠아500ML - 1,800원
롯데)더하다보리차500ML - 2,000원
롯데)더하다옥수수수염차500ML - 2,000원
롯데)솔의눈500ML - 2,000원
롯데)레쓰비그란데라떼500ML - 2,000원
롯데)레쓰비그란데헤이즐넛500ML - 2,000원
롯데)밀키스캔340ML - 1,700원
롯데)탐스제로레몬600ML - 2,000원
롯데)탐스제로오렌지600ML - 2,000원
롯데)칠성사이다플러스500ML - 2,500원
롯데)칠성사이다복숭아500ML - 2,200원
롯데)칠성사이다제로500ML - 2,200원
CJ)맥스봉오리지널50G - 1,900원
네슬레)킷캣오리지널800 - 800원
네슬레)킷캣쿠키크럼블800 - 800원
네슬레)킷캣청키쿠키앤크림1200 - 1,200원
네슬레)프루팁스말랑베리믹스 - 1,500원
네슬레)프루팁스말랑오리지널 - 1,500원
네슬레)프루팁스말랑트로피컬 - 1,500원
네슬레)핫쵸코오리지날원컵 - 1,200원
선우)명인잣엿(가락엿)1200 - 1,200원
선우)벚꽃머랭마시멜로우3500 - 3,500원
선우)톡톡젤리2500 - 2,500원
선우)과일모양톡톡젤리2800 - 2,800원
선우)허니럭키볼1000 - 1,000원
담터)허니버터곡물라떼원컵 - 1,500원
미성)허쉬다크(블루베리맛)1500 - 1,500원
미성)허쉬다크(석류맛)1500 - 1,500원
미성)실카아몬드초콜릿1000 - 1,000원
미성)실카크리스피초콜릿1000 - 1,000원
이멕스)누누캔디(레몬라즈베리) - 1,500원
이멕스)누누캔디(석류딸기)1500 - 1,500원
이멕스)누누캔디(페퍼민트)1500 - 1,500원
일신)베베토패스트푸드젤리1800 - 1,800원
에치와이)슈퍼백젤리(딸기) - 1,500원
에치와이)슈퍼백젤리(복숭아) - 1,500원
유어스(P)야쿠르트젤리1500 - 1,500원
더스윗)초코이즈펀1500 - 1,500원
더스윗)톡젤리복숭아3000 - 3,000원
더스윗)톡젤리청포도3000 - 3,000원
이멕스)바넬리코코넛웨이퍼 - 800원
미성)에그롤스파이시(8입)280G - 5,600원
미성)에그롤커리(8입)280G - 5,600원
만전)미니언즈김자반(1포)[D2] - 900원
서울우유)살롱밀크티미니컵100ML - 3,800원
서울우유)초코우유미니컵100ML - 3,800원
서울우유)커피우유미니컵100ML - 3,800원
서울우유)흰우유미니컵100ML - 3,800원
서울우유)초콜릿우유아이스크림 - 10,800원
서울우유)흰우유아이스크림 - 10,800원
LG)온더바디촉촉한휘핑비누90G - 2,700원
온)히말라야핑크솔트바디워시 - 12,900원
비욘드)모이스춰바디워시300ML - 11,900원
오가니스트)크랜베리바디워시500 - 9,900원
히)핑크솔트칫솔(약한잇몸)4P - 12,900원
히말라야핑크솔트칫솔1입 - 3,900원
죽염)잇몸전문칫솔 - 3,900원
페리오)듀얼클린칫솔(1+1기획) - 3,500원
페리오)토탈7미세모칫솔 - 3,900원
리치)컴플리트소프트칫솔 - 3,500원
페리오)46CM칫솔(초극세모) - 3,500원
페리오)이지클리닉미세모칫솔 - 2,200원
히말라야)핑크솔트100G*3 - 12,900원
죽염)잇몸고치약120G - 5,900원
죽염)히말라야핑크솔트치약100G - 4,900원
히말라야)핑크솔트치약100G - 4,900원
페리오)프로폴리테라치약100G - 5,500원
클링스)상쾌한민트100G - 4,500원
페리오)46CM치약쿨민트100G - 3,900원
LG)페리오토탈7오리지널120G - 3,900원
샤오메이)흑당버블아이스바 - 2,500원
타이거슈가)흑당버블아이스바 - 2,500원
로투스)비스코프바90ML - 2,200원
로투스)에스프레소마끼야또바 - 2,200원
유어스)슈퍼히어로드링크120ML - 900원
쟈뎅)청보리차500ML - 2,000원
팜트리)궁중산삼배양근100ML - 2,800원
종근당)산에는삼100ML - 3,000원
종근당)헛개땡큐골드100ML - 5,000원
영진)구론산바몬드오리지날150ML - 1,100원
영진)구론산스파클링150ML - 1,100원
코카)토레타900ML - 2,600원
조지아)라떼니스타카라멜280ML - 2,300원
조지아)라떼니스타크리미280ML - 2,300원
코카)씨그램라임탄산수350ML - 1,400원
코카)씨그램레몬탄산수350ML - 1,400원
코카)씨그램애플탄산수350ML - 1,400원
미닛메이드)스파클링사과350ML - 1,200원
미닛메이드)스파클링청포도350ML - 1,200원
코카)닥터페퍼500ML - 2,000원
코카콜라제로1.5L - 3,800원
천지개벽)숙취해소음료100ML - 5,000원
흥선)간개무량150ML - 5,000원
남양)FC킬링샷라떼470ML - 2,500원
남양)FC킬링샷아메리카노470ML - 2,500원
HK)헛개수EX500ML - 3,000원
HK)새싹차보리500ML - 2,000원
한독)레디큐120ML - 5,000원
오리온)제주용암수530ML - 1,000원
광동)흑미차500ML - 2,000원
광동)더진한헛개차골드라벨500ML - 3,000원
광동)온더그린400ML - 3,000원
광동)밀싹보리차500ML - 1,600원
동아제약)박카스디카페120ML - 1,000원
테이크얼라이브망고500 - 2,500원
테이크얼라이브블러드오렌지500 - 2,500원
테이크얼라이브샤인머스캣500 - 2,500원
테이크얼라이브자몽500 - 2,500원
동서)마스터라떼500ML - 2,600원
동서)마스터바닐라500ML - 2,600원
동서)마스터블랙500ML - 2,600원
동서)마스터스위트블랙500ML - 2,600원
유어스)배트맨콜라350ML - 1,700원
유어스)슈퍼맨사이다350ML - 1,700원
Y)코리안좀비에너지드링크 - 2,000원
Y)코리안좀비에너지드링크(로우) - 2,000원
코카)스프라이트PET500ML - 1,900원
코카)스프라이트제로PET500ML - 1,900원
디핀다트)우도땅콘 - 2,000원
델리팜)투시팝미니어쳐1200 - 1,200원
델리팜)투시후르티1200 - 1,200원
흥선)연애고사초콜릿1500 - 1,500원
흥선)초코스톤800 - 800원
짱구)21곡초코바 - 700원
초코사이버)볼라볼라껌500 - 500원
서주)톡한입베어달고나맛2500 - 2,500원
서주)톡한입베어복숭아맛3000 - 3,000원
서주)톡한입베어콜라맛3000 - 3,000원
서주)톡한입베어포도맛3000 - 3,000원
빙그레)슈퍼콘민트초코칩150ML - 2,000원
빙그레)슈퍼콘초코150ML - 2,000원
빙그레)슈퍼콘쿠앤크150ML - 2,000원
빙그레)슈퍼콘프렌치바닐라150ML - 2,000원
프링글스)베지칩고구마갈릭97G - 3,700원
프링글스)베지칩자색고구마97G - 3,700원
프링글스)베지칩토마토허브97G - 3,700원
유어스)감동란쌍란바90ML - 1,500원
키다리)세이면김치국수(대컵) - 2,650원
키다리)세이면북엇국수(대컵) - 2,650원
키다리)세이면비빔국수(대컵) - 2,950원
키다리)세이면잔치국수(대컵) - 2,650원
동서)오곡코코볼바25G - 1,200원
동서)콘푸라이트베리요거트바27G - 1,200원
오뚜기)남도식한우미역국500G - 7,200원
오뚜기)대구식쇠고기육개장500G - 7,200원
오뚜기)마포식차돌된장찌개500G - 7,200원
오뚜기)안동식쇠고기국밥500G - 7,200원
오뚜기)단호박죽285G - 4,500원
오뚜기)쇠고기죽285G - 4,500원
오뚜기)영양닭죽285G - 4,500원
오뚜기)전복죽285G - 4,500원
오뚜기)통단팥죽285G - 4,500원
오뚜기)쇠고기미역국밥(컵밥) - 4,800원
오뚜기)참치마요덮밥(컵밥) - 4,800원
켈로그)프로틴바30G - 1,400원
켈로그)크런치넛에너지바1200 - 1,200원
클리오센스미세모 - 2,900원
클리오)센스향균딥케어칫솔1입 - 2,000원
2080)바이오유산균요거민트125G - 3,900원
유어스(P)2080하이브리드칫솔 - 3,500원
애경)2080진지발리스K치약120G - 3,900원
덴탈크리닉2080치약125G - 3,500원
덴탈크리닉2080치솔 - 2,800원
유어스)어드밴스그랜드치약220G - 4,500원
노티드)크리넥스에코물티슈20매 - 2,400원
유어스)릴리유물티슈30매 - 2,800원
크리넥스)안심물티슈10매 - 1,800원
크리넥스)수앤수물티슈96매(캡) - 5,500원
화이트)애니데이무향롱40P - 7,200원
좋은느낌)순면라이너18P - 3,800원
좋은느낌)수퍼롱4P - 3,600원
좋은느낌)입는오버나이트3P - 7,800원
좋은느낌)입는오버나이트L4P - 8,900원
좋은느낌)입는오버나이트M4P - 8,900원
좋은느낌)좋은순면수퍼롱10P - 8,900원
좋은느낌)울트라날개오버14P - 9,500원
라네이처)시그니처울날중3P - 3,000원
좋은느낌)유기농순면뉴울날중18P - 10,500원
좋은느낌)유기농순면뉴슬날대14P - 9,400원
좋은느낌)유기농순면뉴슬날중14P - 8,100원
좋은느낌)좋은순면울날대16P - 8,900원
좋은느낌)좋은순면울날중18P - 8,900원
좋은느낌)에어핏슬날대14P - 7,900원
좋은느낌)에어핏슬날중14P - 6,900원
좋은느낌)에어핏쿠션울날대16P - 8,500원
좋은느낌)울트라날개중18P - 8,500원
화이트)순한순면슬날중16P - 7,600원
화이트)수퍼흡수중형18P - 8,900원
크리넥스3겹데코(12롤*35M) - 25,400원
깨끗한나라)올그린물티슈60매캡 - 5,900원
깨끗한나라)3겹소프트25M(30롤) - 28,500원
순수한면)입는오버나이트중대4P - 10,900원
순수한면)제로오버나이트12P - 8,500원
순수한면)제로대형14P - 8,500원
순수한면)제로중형16P - 8,500원
건강한)순수한면대형14P - 8,900원
건강한)순수한면중형16P - 8,900원
좋은느낌유기농순면린넨블렌딩14 - 9,500원
좋은느낌)유기농순면울날대12P - 9,500원
GS)토렌웨이퍼초콜릿(다크) - 1,000원
GS)토렌웨이퍼초콜릿(밀크) - 1,000원
레모나)KF94황사방역마스크(1입) - 500원
오랄비)프레쉬클린칫솔 - 2,000원
오랄비크로스액션초미세모 - 3,900원
질레트)플렉스볼메뉴면도기 - 18,900원
질레트)스킨텍면도기1입 - 22,200원
페브리즈)포맨370ML - 9,800원
다우니)세탁세제1L(실내건조) - 15,900원
네모난물)비데물티슈15매 - 2,000원
오뚜기)딤섬새우슈마이135G - 3,600원
심쿡)청양마요치킨도시락352G - 5,900원
심쿡)함박스테이크도시락367G - 5,900원
ZK)키홀더라이터케이스 - 3,600원
자연퐁솔잎리필1.18L - 7,000원
AURA리필1.7L스모키머스크 - 11,800원
AURA리필1.7L윌유메리미 - 11,800원
아우라)딥센트스윗만다린1L - 11,900원
샤프란)아로마시트섬유유연제20 - 6,900원
샤프란핑크센세이션2100ML - 6,500원
LG)AURA섬유유연제1L윌유메리미 - 9,900원
샤프란)냄새뺌담배냄새 - 3,900원
샤프란)스타일러섬유탈취(은은) - 3,900원
FIJI바이럭스프레쉬2L리필 - 17,800원
테크베이킹구연산액체2L(드럼) - 11,800원
테크베이킹구연산액체2L(일반) - 11,800원
테크)베이킹소다실내건조1.4L - 11,900원
테크)4KG(카톤) - 23,800원
테크)베이킹소다액체세제1.4L - 12,900원
테크2KG(리필) - 11,800원
LG)시리우스애견간식(비프스틱) - 3,000원
LG)시리우스애견간식양고기스틱 - 3,000원
쏘피)BF볼록맞춤중형24P+24P - 18,600원
쏘피)바디피트볼록맞춤대형20+20 - 18,600원
쏘피)안심숙면팬티4P - 9,600원
쏘피)안심숙면팬티4P(L) - 9,600원
쏘피안심숙면팬티무표백M4P - 11,600원
쏘피)유기농무표백라이너일반20P - 4,900원
쏘피)유기농무표백라이너롱18P - 4,900원
쏘피)유기농무표백대형4P - 3,200원
쏘피)유기농무표백중형4P - 2,800원
쏘피)순한면중형4P - 2,200원
쏘피)내몸에순한면대형4P - 2,800원
쏘피)순한면대형16P - 8,700원
쏘피)순한면중형18P - 8,700원
쏘피)순한면슈퍼롱3P - 3,900원
쏘피)볼록맞춤안심숙면4P - 3,500원
바디피트수퍼롱&와이드10P - 8,000원
쏘피)볼록맞춤대형16P - 7,800원
쏘피)볼록맞춤중형16P - 6,800원
Y)의성마늘매콤왕교자140G - 3,900원
동서)필라델피아크림치즈(포션) - 4,500원
한강공원)천연펄프물티슈180매 - 5,500원
피죤)액츠세탁세제1.4L - 11,900원
피죤)리치퍼퓸(미스틱레인)80ML - 3,900원
피죤)리치퍼퓸아이스플라워80ML - 3,900원
피죤보타닉애플밤1L - 12,400원
피죤)리치퍼퓸(미스틱레인)1L - 10,900원
애경)순샘자몽리필1.4L - 6,900원
리큐)드럼2L(리필) - 15,000원
리큐)일반2L(리필) - 15,000원
미쟝센)데미지린스530ML - 11,000원
미쟝센)데미지샴푸530ML - 11,000원
비페스타)클렌징티슈10매 - 3,800원
갸스비)울트라하드왁스80G - 9,500원
팬틴)극손상샴푸200ML - 5,900원
HY)오늘의야채사과당근200ML - 2,000원
HY)오늘의야채포도비트200ML - 2,000원
에치와이)핫브루마카다미아모카 - 2,700원
에치와이)핫브루바닐라라떼270 - 2,700원
에치와이)콜드브루아메리카노270 - 2,200원
남양)또떠불초코&그래놀라125G - 1,400원
남양)또떠불하트초코125G - 1,400원
남양)불가리스FIT딸기200ML - 1,900원
남양)불가리스FIT플레인200ML - 1,900원
서울)듀오안사과150ML - 1,700원
서울)듀오안저지방플레인150ML - 1,700원
서울)과즙이풍부한딸기우유220ML - 2,000원
다논)액티비아스무디(키위사과) - 2,000원
다논)액티비아스무디딸기바나나 - 2,000원
다논)액티비아플레인*4입 - 3,600원
빙그레)아이스티레몬300ML - 1,000원
빙그레)아이스티복숭아300ML - 1,000원
빙그레)스페셜티에티오피아460ML - 2,500원
빙그레)스페셜티탄자니아460ML - 2,500원
롯데)제주말차라떼240ML - 2,200원
칸타타)라떼홀릭바닐라라떼240ML - 2,200원
칸타타)라떼홀릭카페라떼240ML - 2,200원
푸르밀)비피더스블루베리300ML - 1,800원
푸르밀)비피더스사과300ML - 1,800원
푸르밀)가나초코우유300ML - 1,650원
푸르밀)검은콩우유300ML - 1,650원
매일)바이오오그래놀라127G - 2,000원
매일)바이오초코링프로틴볼130G - 2,000원
유어스)피크닉컵사과190ML - 1,800원
에너자이저)알카라인AA2+1입 - 3,800원
에너자이저)알카라인AAA2+1입 - 3,800원
C&C)훼이셜포밍클렌져150 - 9,700원
온더바디)퍼퓸해피바디워시500ML - 9,900원
리엔)흑모비책염색약(자연갈색) - 11,900원
ES)실크리페어샤이닝샴푸400ML - 9,900원
엘라스틴)퍼퓸러브미샴푸400ML - 9,900원
ZK)남성반팔티셔츠회색100 - 10,900원
ZK)남성반팔티셔츠회색105 - 10,900원
ZK)남성반팔티셔츠회색95 - 10,900원
ZK)다용도담요(블루) - 5,900원
ZK)여성케미솔런닝(M) - 6,800원
ZK)여성케미솔런닝(S) - 6,800원
ZK)고급남성런닝(L) - 7,800원
ZK)남성고급런닝(M) - 7,800원
포인트)딥클린휩클렌징폼100ML - 6,900원
뉴케라시스)데미지린스250ML - 5,500원
뉴케라시스)데미지샴푸250ML - 5,500원
팬틴)극손상케어린스500ML - 14,900원
팬틴)극손상케어샴푸500ML - 14,900원
​
★2+1★
카카오넛츠아몬드25G - 1,800원
카카오넛츠호두25G - 1,800원
씨믹스)크런치구미멀티컬러베리 - 1,800원
씨믹스)크런치구미핑크베리1800 - 1,800원
대상)맑은닭곰탕450G - 5,200원
대상)얼큰닭개장450G - 5,200원
꿀에빠진도라지말랭이15G - 2,500원
SM)추억의달구나1500 - 1,500원
오뚜기)양송이스프라면(대컵) - 2,000원
오뚜기)옥수수스프라면(대컵) - 2,000원
훼밀리)아폴로700 - 700원
훼밀리)멜로팝레인보우1800 - 1,800원
고품격)매콤갈매기살300G(냉동) - 9,900원
고품격)안창살구이300G(냉동) - 9,900원
고품격)언양식소불고기300G(냉동 - 9,900원
고품격)토시살구이300G(냉동) - 9,900원
고품격)허브항정살300G(냉동) - 9,900원
농심)웰치스오렌지제로탄산355ML - 1,200원
농심)웰치스포도제로탄산355ML - 1,200원
농심)웰치스포도탄산355ML - 1,200원
삼립)티트라레몬그린티500ML - 2,000원
삼립)티트라피치아쌈티500ML - 2,000원
농심)금돼지식당돼지김치찌개면 - 4,500원
립톤)복숭아아이스티500ML - 1,700원
갓생)허니버터아몬드두유200ML - 1,600원
종근당)올앳미V스파클링350ML - 2,000원
매일)바리스타그란데(라떼)475ML - 2,500원
매일)바리스타그란데(스위트)475 - 2,500원
매일)바리스타그란데(아메)475ML - 2,500원
아침)꿀감자(120G/진공포장) - 2,200원
아침)꿀고구마(130G/진공포장) - 2,200원
아침)꿀단호박(100G/진공포장) - 2,200원
그대로쫀득고구마(100G) - 4,200원
납딱한오다리25G - 3,800원
대구노가리30G - 3,800원
도톰한오징어25G - 3,800원
CJ)스파이시로제스파게티262G - 3,900원
롯데)에센뽀득프랑크70G(2입) - 3,600원
서울)아침에주스ABC210ML - 1,400원
서울)아침에주스오렌지210ML - 1,400원
남양)로스터리실키라떼200ML - 1,200원
남양)로스터리아메리카노200ML - 1,200원
매일)카페라떼마일드220ML - 1,800원
매일)카페라떼아이스크림라떼220 - 1,800원
GS)이모티콘젤리(사워)1800 - 1,800원
GS)이모티콘젤리(후르츠)1800 - 1,800원
크라운)쿠크다스비엔나커피3000 - 3,000원
크라운)뽀또레몬92G - 1,500원
크라운)뽀또치즈1500 - 1,500원
크라운)뽀로로야채귀리65G - 1,500원
크라운)츄러스애플시나몬84G - 1,500원
크라운)카라멜콘메이플1500 - 1,500원
로투스)벨기에와플 - 1,500원
로투스)벨기에초코와플 - 1,500원
CJ)비비고수제만두고기200G - 4,000원
CJ)비비고수제만두김치200G - 4,000원
CJ)비비고찐만두168G - 4,000원
CJ)비비고찐만두청양고추168G - 4,000원
CJ)육즙불고기찐만두168G - 4,000원
CJ)닭가슴살스테이크100G - 3,300원
CJ)닭가슴살직화화다닭75G - 3,300원
갓생기획)닭가슴살큐브톡톡96G - 2,900원
빙그레)프로틴스트링치즈20G - 1,400원
촉촉한꿀고구마(65G/봉) - 3,000원
카카오꿀고구마(65G/봉) - 3,000원
해태)구운간짜장60G - 1,500원
해태)오사쯔X리틀넥60G - 1,500원
해태)허니버터칩프로마쥬블랑60G - 1,500원
바른생각)콘돔3P무꼭지형 - 5,200원
바른생각)콘돔일반형 - 3,900원
바른생각)익스트림에어핏(3입) - 5,500원
세이프크린)KF94방역마스크(5입) - 12,000원
하림)장인라면담백한맛(봉지) - 2,200원
하림)장인라면얼큰한맛(봉지) - 2,200원
CJ)비비고소고기미역국300G - 4,500원
CJ)비비고한우사골곰탕500G - 3,200원
CJ)비비고돼지고기김치찌개460G - 7,200원
CJ)비비고스팸부대찌개460G - 7,200원
CJ)비비고차돌된장찌개460G - 7,200원
CJ)비비고소고기미역국500G - 5,400원
CJ)비비고육개장500G - 5,400원
CJ)비비고콩나물황태국500G - 5,400원
CJ)BIG간장삼겹덮밥(컵밥) - 5,400원
CJ)BIG김치날치알밥(컵밥) - 5,400원
CJ)BIG김치삼겹덮밥(컵밥) - 5,400원
CJ)BIG스팸김치덮밥(컵밥) - 5,400원
CJ)BIG스팸마요덮밥(컵밥) - 5,400원
CJ)BIG치즈닭갈비덮밥(컵밥) - 5,400원
CJ)BIG치킨마요덮밥(컵밥) - 5,400원
CJ)햇반미역국밥(컵밥) - 4,200원
CJ)햇반사골곰탕국밥(컵밥) - 4,200원
CJ)햇반육개장국밥(컵밥) - 4,200원
CJ)햇반황태국밥(컵밥) - 4,200원
CJ)공화춘자장덮밥(컵밥) - 4,800원
CJ)공화춘짬뽕국밥(컵밥) - 4,800원
CJ)스팸김치덮밥(컵밥) - 4,800원
CJ)스팸콘치즈덮밥(컵밥) - 4,800원
CJ)햇반강된장보리비빔밥(컵밥) - 4,800원
CJ)햇반김치날치알밥(컵밥) - 4,800원
CJ)햇반버터장조림비빔밥 - 4,800원
CJ)햇반불고기덮밥(컵밥) - 4,800원
CJ)햇반스팸마요덮밥(컵밥) - 4,800원
CJ)햇반제육덮밥(컵밥) - 4,800원
CJ)햇반참치마요덮밥(컵밥) - 4,800원
CJ)햇반치킨마요덮밥(컵밥) - 4,800원
CJ)햇반(발아현미밥)210G - 2,800원
CJ)햇반(오곡밥)210G - 2,800원
CJ)햇반(찰잡곡밥)210G - 2,800원
CJ)햇반(현미쌀밥)210G - 2,800원
CJ)햇반(흑미밥)210G - 2,800원
CJ)햇반매일잡곡밥210G - 2,800원
CJ)햇반(매일찰잡곡밥)210G(3입) - 7,200원
CJ)햇반(발아현미밥)210G(3입) - 7,200원
CJ)햇반(흑미밥)210G(3입) - 7,200원
CJ)햇반반공기130G - 1,700원
CJ)큰햇반300G - 2,900원
CJ)햇반(원형)210G - 2,100원
CJ)햇반(구수한쌀밥)210G - 2,600원
동원)양반전통김17G - 1,800원
동원)양반전복큰죽404G - 5,200원
동원)수라전복내장죽287G - 5,200원
동원)수라한우쇠고기죽287G - 5,200원
동원)양반단호박죽285G - 4,500원
동원)양반밤단팥죽285G - 4,500원
동원)양반야채죽285G - 4,500원
동원)양반영양닭죽285G - 4,500원
동원)양반참치죽285G - 4,500원
동원)양반쇠고기죽285G - 4,500원
유어스)양반전복죽285G - 4,500원
롯데)핫식스더킹러쉬355ML - 2,200원
롯데)핫식스더킹파워355ML - 2,200원
롯데)핫식스더킹펀치355ML - 2,200원
롯데)핫식스더킹포스355ML - 2,200원
롯데)핫식스250ML - 1,500원
롯데)트레비라임500ML - 1,800원
롯데)트레비레몬500ML - 1,800원
롯데)트레비자몽500ML - 1,800원
롯데)아이시스8.0(2.0L) - 1,700원
롯데)아이시스8.0(500ML) - 950원
롯데)아이시스에코2L-PLU판매 - 1,600원
칸타타)콘트라베이스라떼PET500 - 2,500원
칸타타)콘트라베이스블랙PET500 - 2,500원
칸타타)콘트라베이스스윗PET500 - 2,500원
칸타타)땅콩크림라떼275ML - 2,200원
칸타타)아메리카노275ML(NB캔) - 2,200원
칸타타)콜드브루블랙275ML(NB캔) - 2,200원
칸타타)프리미엄라떼275ML(NB캔) - 2,200원
롯데)펩시제로500ML - 2,000원
롯데)펩시콜라제로캔355ML - 1,700원
롯데)펩시콜라캔355ML - 1,700원
롯데)칠성사이다제로캔355ML - 1,900원
롯데)칠성사이다캔355ML - 1,900원
롯데)칠성사이다포도캔355ML - 1,900원
롯데)아이시스에코500ML-PLU판매 - 900원
자노탁트)카카오캔디민트3000[D2 - 3,000원
자노탁트)카카오캔디복숭아3000 - 3,000원
로아카)밀크웨하스1500 - 1,500원
로아카)바닐라웨하스1500 - 1,500원
로아카)카카오웨하스1500 - 1,500원
세아)구운아귀꼬리포2입 - 5,900원
CJ)닭가슴살소시지(청양)80G - 2,300원
CJ)닭가슴살소시지80G - 2,300원
CJ)닭가슴살한입큐브80G - 2,300원
CJ)맥스봉갈릭후랑크80G - 2,300원
CJ)맥스봉숯불구이맛핫바90G - 2,300원
CJ)맥스봉청양고추후랑크80G - 2,300원
CJ)직화구이꼬치바(청양)90G - 2,300원
CJ)직화구이꼬치바90G - 2,300원
CJ)맥스봉치즈70G - 2,200원
CJ)맥스봉소시지150G - 3,000원
네슬레)킷캣청키1200 - 1,200원
네슬레)킷캣청키프룻비스킷1200 - 1,200원
네스카페)부드러운모카20입 - 3,900원
네스카페)수프리모골드20입 - 4,900원
코주부)포켓미니살라미40G - 2,000원
코주부)의성마늘육포40G - 4,200원
코주부)강원도옥수수육포40G[D2] - 5,600원
코주부)블랙트러플오일육포40G - 4,500원
진주)천하장사육포갈릭45G - 4,800원
신화)불닭맛쥐포3500[D2] - 3,500원
신화)오징어소면18G - 2,500원
신화)대왕오징어다리50G - 5,900원
선우)톡톡볼젤리복숭아1000 - 1,000원
선우)톡톡볼젤리사과1000 - 1,000원
선우)톡톡딸기젤리1000 - 1,000원
선우)톡톡망고젤리1000 - 1,000원
바프)구운양파아몬드30G - 2,200원
바프)군옥수수맛아몬드40G - 2,200원
바프)김맛아몬드40G - 2,200원
바프)마늘빵아몬드40G - 2,200원
바프)와사비맛아몬드40G - 2,200원
바프)인절미아몬드40G - 2,200원
바프)청양마요아몬드40G - 2,200원
바프)카라멜솔티드아몬드40G - 2,200원
바프)쿠키앤크림아몬드40G - 2,200원
바프)허니버터아몬드40G - 2,200원
바프)흑임자아몬드40G - 2,200원
대상)츄앤리얼고구마츄60G - 3,500원
정화)후라이드어포30G - 2,000원
정화)석쇠구이오징어볶음땅콩60G - 6,500원
정화)허니버터오징어30G - 3,000원
정화)실속왕다리오징어23G - 2,400원
하림)닭가슴살리얼바(갈릭)80G - 2,000원
하림)닭가슴살리얼바(치즈)80G - 2,000원
하림)닭가슴살리얼바블랙페퍼80G - 2,000원
하림)닭가슴살리얼바오리지널80G - 2,000원
하림)닭가슴살리얼바할라피뇨80G - 2,000원
마즈)이클립스스트로베리2500 - 2,500원
마즈)이클립스스피어민트2500 - 2,500원
마즈)이클립스페퍼민트2500 - 2,500원
마즈)이클립스피치2500 - 2,500원
마즈)이클립스소프트레몬1500 - 1,500원
마즈)이클립스소프트청포도1500 - 1,500원
마즈)스키틀즈사우워1200 - 1,200원
마즈)스키틀즈오리지널1200 - 1,200원
마즈)스키틀즈요거트1200 - 1,200원
마즈)몰티져스밀크3500 - 3,500원
마즈)몰티져스다크1500 - 1,500원
마즈)몰티져스밀크1500 - 1,500원
마즈)트윅스탑싱글700 - 700원
마즈)스니커즈미니500 - 500원
마즈)스니커즈크리스퍼1200 - 1,200원
마즈)스니커즈피넛싱글1200 - 1,200원
마즈)트윅스1200 - 1,200원
마즈)엠앤엠즈블록밀크1500 - 1,500원
마즈)엠앤엠즈블록크리스피1500 - 1,500원
마즈)M&MS밀크초콜릿1200 - 1,200원
마즈)M&MS피넛초콜릿1200 - 1,200원
CJ)스팸340G - 7,800원
CJ)스팸200G - 5,800원
CJ)스팸25%라이트200G - 5,800원
CJ)스팸120G - 3,800원
CJ)맛밤80G - 3,500원
라벨리)레드멜론빙수280ML - 3,000원
라벨리)수박화채빙수280ML - 3,000원
라벨리)인절미빙수280ML - 3,000원
라벨리)팥빙수280ML - 3,000원
라베스트)갤러초코콘160ML - 2,500원
라베스트)그릭요거콘160ML - 2,500원
라베스트)리치치즈케이크콘 - 2,500원
라베스트)민트초코콘 - 2,500원
라벨리)인절미미니컵140ML - 2,500원
라벨리)초떡초떡140ML - 2,500원
롯데푸드)라베스트커피플로트콘 - 2,500원
본젤라또비스킷바닐라카라멜 - 2,500원
제주에어)제주녹차초코소프트콘 - 2,500원
허쉬)스쿱바닐라아이스크림120ML - 2,500원
허쉬)초코앤쿠키콘 - 2,500원
롯데푸드)라베스트커피플로트바 - 2,200원
미성)바세츠클레식바닐라바90ML - 2,200원
빙)끌레도르쿠키앤크림바90ML - 2,200원
빙그레)끌레도르쿠키앤초코90ML - 2,200원
빙그레)끌레도르피스타치오바 - 2,200원
허쉬)녹차초코바90ML - 2,200원
허쉬)초코바 - 2,200원
허쉬)초코크런치레몬바90ML - 2,200원
허쉬)쿠키앤크림바 - 2,200원
허쉬)토피넛초코바 - 2,200원
미성)허쉬미스터굿바1500 - 1,500원
미성)허쉬후퍼스1500 - 1,500원
롯데)허쉬오버로드1500 - 1,500원
롯데)허쉬초코튜브헤이즐넛800 - 800원
허쉬)밀크초콜릿40G - 1,600원
허쉬)아몬드초콜릿40G - 1,600원
허쉬)쿠키앤민트초콜릿39G - 1,600원
허쉬)쿠키앤초코초콜릿40G - 1,600원
허쉬)쿠키앤크림초콜릿40G - 1,600원
롯데)ABC초코2500 - 2,500원
롯데)드림카카오56% - 3,000원
롯데)가나초콜릿마일드1000 - 1,000원
롯데)크런키초콜릿1000 - 1,000원
롯데)가나초코바땅콩1000 - 1,000원
롯데)가나초코바아몬드1000 - 1,000원
롯데)목캔디1000 - 1,000원
롯데)목캔디믹스베리1000 - 1,000원
롯데)말랑카우밀크2500 - 2,500원
롯데)스카치세가지2500 - 2,500원
롯데)애니타임2500 - 2,500원
롯데)청포도캔디2500 - 2,500원
롯데)수박바아이스톡톡젤리2500 - 2,500원
롯데)메론먹은죠스바젤리1200 - 1,200원
롯데)포도먹은구미1200 - 1,200원
롯데)왓따딸기500 - 500원
롯데)왓따복숭아500 - 500원
롯데)왓따청포도500 - 500원
롯데)왓따콜라500 - 500원
롯데)왓따판박이500 - 500원
일신)구미초코볼딸기1800 - 1,800원
일신)구미초코볼포도1800 - 1,800원
일신)군고구마초코볼1800 - 1,800원
일신)쥬시드랍블라스트1500 - 1,500원
더스윗)접어먹는캔디(망고) - 2,000원
더스윗)접어먹는캔디(블루베리) - 2,000원
엠탑)아침에주스사과젤리1500 - 1,500원
크라운)키커바1000 - 1,000원
크라운)키커바시리얼1000 - 1,000원
크라운)마이쮸복숭아1500 - 1,500원
크라운)마이쮸사과1500 - 1,500원
크라운)비단박하캔디2000 - 2,000원
크라운)새콤달콤(딸기)500 - 500원
크라운)새콤달콤(레모네이드)500 - 500원
크라운)새콤달콤(복숭아)500 - 500원
크라운)새콤달콤블루베리소다500 - 500원
크라운)새콤달콤파인애플500 - 500원
던킨)커피에너지바30G - 1,200원
던킨)프로틴에너지바30G - 1,200원
미성)허쉬다크&화이트칩1500 - 1,500원
미성)허쉬초코마시멜로타르트38G - 1,500원
허쉬)초콜릿칩쿠키1500 - 1,500원
미성)액트투팝콘78G - 1,500원
남양)루카스9에스프레소라떼5T - 2,200원
남양)프렌치카페카페믹스20T - 4,900원
사조)살코기참치150G - 3,900원
사조)살코기참치100G - 2,900원
사조)365육포30G(구운) - 3,800원
사조)365육포30G(숯불바베큐) - 3,800원
사조)365육포30G(오리지널) - 3,800원
유동)얼큰한번데기탕280G - 3,300원
유동)골뱅이230G - 8,900원
이디야)스페셜골드블렌드20입 - 4,800원
이디야)스페셜모카블렌드20입 - 4,800원
맥심)모카골드원컵 - 1,000원
맥심)슈프림골드믹스20입 - 4,900원
롯데)와 - 2,000원
롯데)와포도190ML - 2,000원
만전)김밥김(10매) - 2,600원
유어스)탱크보이소다120ML - 1,500원
해태)탱크보이120ML - 1,500원
해태)폴라포포도120ML - 1,500원
롯데)왕수박바 - 1,200원
유어스)반반수박바75ML - 1,200원
아이배냇)핑거요거트(딸기) - 4,500원
아이배냇)핑거요거트(플레인) - 4,500원
햇반)흑미밥라이스크림140ML - 2,900원
햇반)흰쌀밥라이스크림140ML - 2,900원
페리오휴대용치약칫솔세트 - 3,500원
페리오)덴탈쿨링마우스스프레이 - 3,500원
샘표)게살푸팟퐁커리170G - 4,750원
샘표)스파이시마살라커리170G - 4,750원
샘표)옐로마살라커리170G - 4,750원
샘표)치킨마크니커리170G - 4,750원
순작)산딸기차티백20T - 7,500원
순작)청귤차티백20T - 7,500원
샘표)우리엄마명태채볶음50G[D2] - 4,000원
샘표)우리엄마깻잎(매콤한맛) - 3,300원
샘표)질러직화풍비비큐30G - 3,500원
샘표)질러직화풍비비큐30G(칠리) - 3,500원
샘표)질러직화육포45G - 5,800원
한성)일품도톰육포45G - 5,000원
한성)일품쇠고기견과포35G - 5,000원
대상)레드페퍼매콤고추30G - 3,500원
대상)치즈촘촘툼바치즈30G - 3,500원
청우)초코파이찰떡107G - 1,500원
씨믹스)딸기머쉬멜로우1800 - 1,800원
씨믹스)바나나초코머쉬멜로우 - 1,800원
씨믹스)복숭아젤리필링머쉬멜로 - 1,800원
씨믹스)사과필링머쉬멜로우 - 1,800원
씨믹스)계란후라이젤리2000 - 2,000원
씨믹스)핑크퐁상어가족젤리2000 - 2,000원
유어스)대구식양념불막창180G - 7,500원
태경)불삼겹&소시지볶음200G - 7,500원
태경)숯불돼지바비큐200G - 7,500원
대상)도가니탕450G - 6,400원
대상)소머리곰탕450G - 6,400원
씨알로)오초땅바30G - 1,200원
매일)셀렉스프로틴너츠바50G - 1,600원
브레디크)딸기붓세 - 1,500원
브레디크)무화과호두휘낭시에 - 1,300원
브레디크)버터스콘 - 1,500원
브레디크)브라우니와플 - 1,600원
브레디크)이즈니버터휘낭시에 - 1,300원
브레디크)치즈맛붓세 - 1,500원
홈위드)수제초코쿠키 - 1,500원
홈위드)수제화이트쿠키 - 1,500원
삼립)잼있는딸기쿠키 - 1,000원
삼립)잼있는사과쿠키 - 1,000원
삼립)초코블랑 - 1,200원
삼립)방앗간찹쌀떡 - 1,500원
롯데)미니딸기샌드(5입) - 2,000원
롯데)미니땅콩샌드(5입) - 2,000원
롯데)미니연유샌드(5입) - 2,000원
딥초코)빨미까레(1입) - 3,000원
브레디크)에그마요포켓샌드 - 2,200원
브레디크)우유크림빵 - 2,500원
브레디크)초코녹차떡(2입) - 2,500원
브레디크)초코크림빵 - 2,500원
브레디크)티라미수떡(2입) - 2,500원
브레디크)허니밀크떡(2입) - 2,500원
퓨어플러스)레모나핑크120ML - 1,200원
강철부대2)아이온블루워터500ML - 1,900원
강철부대2)아이온워터500ML - 1,900원
티블링)레몬그라스진저500ML - 2,500원
티블링)캐모마일피치500ML - 2,500원
매일)셀렉스프로틴드링크330ML - 2,900원
매일)셀렉스프로틴복숭아330ML - 2,900원
팜트리)블랙사파이어향스파클링 - 1,300원
팜트리)샤인머스캣향스파클링 - 1,300원
정식품)검은콩고칼슘두유병190ML - 1,500원
정식품)아몬드호두두유병190ML - 1,500원
정식품)베지밀A병190ML - 1,400원
종근당)속청쿨75ML - 1,000원
동아)오란씨파인비타민C350ML - 1,400원
동아)나랑드사이다제로500ML - 2,000원
동아)오로나민C120ML - 1,200원
해태)강원평창수2.0L - 1,500원
해태)코코팜피치핑크복숭아240ML - 1,100원
해태)갈아만든배500ML - 2,000원
조지아)맥스커피240ML - 1,200원
조지아)카페라떼240ML - 1,200원
코카)토레타더락토500ML - 1,900원
파워에이드)마운틴블러스트240ML - 1,100원
코카)환타파인PET600ML - 2,000원
코카)태양의마테차500ML - 1,400원
미닛메이드)오렌지350ML - 1,950원
코카콜라)암바사캔345ML - 1,400원
종근당)락토조이제로워터350ML - 2,000원
남양)십칠차500ML - 1,600원
동아)모닝케어D100ML - 5,000원
HK)헛개수1L - 2,500원
HK)헛개수500ML - 2,000원
HK)컨디션CEO150ML - 10,000원
HK)컨디션100ML - 5,000원
HK)컨디션레이디100ML - 5,000원
현대)미에로화이바350ML - 1,900원
현대)미에로화이바210ML - 1,400원
진로)토닉워터600ML - 2,400원
진로)토닉워터제로300ML - 1,500원
하이트)블랙보리520ML - 1,600원
하이트)블랙보리라이트520ML - 1,600원
유동커피)제주녹차500ML - 2,000원
퓨워터)하이드로젠300ML(수소수) - 1,500원
웅진)아침햇살340ML - 1,600원
웅진)초록매실340ML - 1,600원
가야)알로에농장500ML - 2,000원
유어스)샤인머스캣500ML - 2,000원
웅진)티즐유자그린티500ML - 2,000원
웅진)티즐피치우롱티500ML - 2,000원
웅진)누룽지차500ML - 1,600원
웅진)광명찾은결명자차500ML - 1,600원
웅진)옥수수수염차500ML - 1,600원
OKF)그린스무디350ML - 2,000원
OKF)옐로우스무디350ML - 2,000원
OKF)워터멜론500ML - 2,000원
OKF)알로에베라킹500ML - 2,100원
동원)보성홍차아이스티레몬500 - 2,200원
동원)보성홍차아이스티복숭아500 - 2,200원
동원)보성녹차PET350ML - 1,200원
일화)천연사이다350ML - 1,200원
일화)맥콜PET1.25L - 2,500원
일화)맥콜250ML - 1,400원
매일)99.89두유190ML - 1,000원
매일)검은콩두유190ML - 1,000원
매일)두유식이섬유190ML - 1,000원
광동)헛개파워100ML - 5,000원
광동)진한헛개차500ML - 1,800원
광동)진한헛개차1L - 2,200원
광동)우엉차500ML - 1,600원
광동)비타500 180ML - 1,500원
광동)비타500로열폴리스120ML - 1,500원
광동)비타500캔240ML - 1,500원
광동)비타500피지라임250ML - 1,500원
동서)콜롬비아나블랙240ML - 1,300원
동서)콜롬비아나아메리카노240ML - 1,300원
동서)콜롬비아나카페라떼240ML - 1,300원
맥심)TOP더블랙380ML - 3,000원
맥심)TOP마스터라떼380ML - 3,000원
맥심)TOP스위트아메리카노380ML - 3,000원
맥심)TOP더블랙275ML - 2,400원
맥심)TOP마스터라떼275ML - 2,400원
맥심)TOP스위트아메리카노275ML - 2,400원
뽀로로딸기맛 - 1,400원
뽀로로밀크맛 - 1,400원
유어스)하늘가득사과330ML - 1,900원
유어스)하늘가득수박330ML - 1,900원
유어스)하늘가득유자레몬330ML - 1,900원
유어스)하늘가득자몽330ML - 1,900원
농심)카프리썬사파리200ML - 1,000원
농심)카프리썬오렌지200ML - 1,000원
농심)파워O2(오렌지레몬)500ML - 2,100원
농심)백산수500ML - 950원
농심)백산수2L - 1,700원
롯데)초단백질바1200 - 1,200원
롯데)초에너지바1200 - 1,200원
롯데)도리토스(갈비천왕)1500 - 1,500원
롯데)도리토스(나쵸치즈맛)1500 - 1,500원
롯데)오잉1500 - 1,500원
롯데)오잉포차꾸잉칩60G - 1,500원
롯데)쌀로별1500 - 1,500원
롯데)쌀로별진짜새우65G - 1,500원
롯데)치토스(매콤달콤)1500 - 1,500원
롯데)치토스스모키바베큐1500 - 1,500원
롯데)마가렛트구운모카3000 - 3,000원
롯데)마가렛트오리지널3000 - 3,000원
롯데)몬스터칙촉(쇼콜라)1200 - 1,200원
롯데)카스타드오리지날138G - 3,500원
롯데)까망씨리얼40G - 1,000원
롯데)칸쵸1000 - 1,000원
롯데)빠다코코낫1700 - 1,700원
롯데)샌드오리지날1700 - 1,700원
롯데)제크가나초코샌드74G - 1,700원
롯데)제크오리지날1700 - 1,700원
로아카)다크초콜릿2500 - 2,500원
로아카)밀크초콜릿2500 - 2,500원
로아카)화이트초콜릿2500 - 2,500원
흥선)맥시코코아웨이퍼1000 - 1,000원
흥선)BBQ마쉬멜로우3000 - 3,000원
흥선)아이스붐딸기맛1500 - 1,500원
흥선)아이스붐레몬맛1500 - 1,500원
흥선)아이스붐복숭아맛1500 - 1,500원
흥선)아이스붐자몽맛1500 - 1,500원
흥선)밀카밀크초콜릿2900 - 2,900원
흥선)밀카오레오초콜릿2900 - 2,900원
해태)연양갱900 - 900원
해태)칼바카카오1000 - 1,000원
해태)자유시간골드1000 - 1,000원
해태)자유시간아몬드1000 - 1,000원
해태)자유시간크리스피1000 - 1,000원
훼밀리)4D보틀구미믹스1500 - 1,500원
서주)탱글탱글젤리(리치)2000 - 2,000원
서주)탱글탱글젤리(망고)2000 - 2,000원
에이스)흑당솔티드카라멜1200 - 1,200원
삼양)까르보불닭볶음면(대컵) - 1,600원
삼양)불닭소스200G - 5,000원
삼양)불닭스리라차소스200G - 5,000원
삼양)로제불닭납작당면169G - 3,500원
삼양)불닭납작당면155G - 3,500원
흥선)초코콘바이츠96G - 2,500원
흥선)밀카무40G - 1,000원
훼밀리)추억의고구마스틱70G - 2,000원
삼양)별뽀빠이800 - 800원
삼양)사또밥1300 - 1,300원
삼양)짱구1300 - 1,300원
보노미)페스튜리2000 - 2,000원
해광)프레첼갈릭버터맛85G - 1,700원
해광)프레첼체다치즈맛85G - 1,700원
에낙라면과자500 - 500원
서주)허쉬민트웨하스63G - 2,000원
서주)허쉬초코웨하스63G - 2,000원
해태)맛동산(꿀단지)90G - 2,000원
해태)맛동산2000 - 2,000원
해태)초코홈런볼46G - 1,700원
해태)홈런볼커스타드크림46G - 1,700원
에이스)봉평메밀소바칩45G - 1,500원
에이스)서울시스터즈김치스낵90G - 1,500원
에이스)돈치킨구운마늘치킨맛 - 1,200원
삼양)불닭짬뽕(봉지) - 1,600원
TDF)조카스타웨이퍼롤메이플400G - 5,900원
TDF)조카스타웨이퍼롤애플파이 - 5,900원
머거본)믹스너트55G - 2,000원
머거본)꿀땅콩70G - 1,500원
머거본)맛땅콩55G - 1,500원
머거본)커피땅콩60G - 1,300원
동원)리챔200G - 5,800원
동원)리챔더블라이트200G - 5,800원
동원)매운리챔200G - 5,800원
동원)트러플리챔200G - 5,800원
동원)큐브참치(고소로제)160G - 5,500원
동원)큐브참치(매콤고추)160G - 5,500원
동원)큐브참치(볼케이노)160G - 5,500원
동원)고추참치150G - 4,000원
TDF)프레첼초코볼2000 - 2,000원
오리온)마이구미(청포도)1000 - 1,000원
오리온)마켓오민티페퍼민트2500 - 2,500원
오리온)마켓오민티피치민트2500 - 2,500원
오리온)톡핑아몬드&그래놀라2000 - 2,000원
오리온)톡핑헤이즐넛&그래놀라 - 2,000원
오리온)꼬물탱1200 - 1,200원
오리온)더탱글마이구미1200 - 1,200원
농심)츄파춥스사워크롤러1200 - 1,200원
광동)비타500젤리1200 - 1,200원
하림)장인라면담백한맛(대컵) - 2,800원
하림)장인라면얼큰한맛(대컵) - 2,800원
오뚜기)짜슐랭(봉지) - 1,250원
오뚜기)진비빔면(봉지) - 1,150원
오뚜기)라면볶이(대컵) - 1,500원
오뚜기)마요짜장볶이(대컵) - 1,500원
오뚜기)스파게티(대컵) - 1,500원
오뚜기)치즈볶이(대컵) - 1,500원
오뚜기)육개장(소컵) - 950원
농심)배홍동비빔면(봉지) - 1,050원
농심)무파마탕면(봉지) - 1,250원
팔도)틈새비빔면(대컵) - 1,600원
팔도)비빔면(대컵) - 1,150원
농심)신라면블랙두부김치(대컵) - 1,700원
농심)신라면블랙사발 - 1,700원
농심)신라면볶음면큰사발 - 1,600원
농심)신볶게티큰사발 - 1,600원
농심)카구리큰사발 - 1,600원
농심)김치큰사발 - 1,250원
농심)새우탕큰사발 - 1,250원
농심)쿡탐부대찌개면(대컵) - 3,800원
농심)신라면건면사발 - 1,500원
농심)쌀국수(용기) - 1,500원
오리온)오그래놀라카카오미니12G - 400원
오리온)오그래놀라초코고래밥30G - 800원
대상)양조간장500ML - 4,600원
대상)진간장500ML - 3,700원
대상)국간장500ML - 4,900원
포스트)콘푸라이트300G - 4,500원
동서)단백질바50G - 1,700원
오뚜기)오뚜기카레(순)100G - 2,500원
오뚜기)카레(약간매운맛)100G - 2,500원
오뚜기)카레분말매운맛100G - 2,500원
오뚜기)사골곰탕500G - 2,500원
오뚜기)LA갈비덮밥(컵밥) - 4,800원
오뚜기)김치참치덮밥(컵밥) - 4,800원
오뚜기)매콤낙지덮밥(컵밥) - 4,800원
오뚜기)수원식갈비탕밥311G(컵밥 - 4,800원
오뚜기)제육덮밥(컵밥) - 4,800원
오뚜기)중화XO게살덮밥(컵밥) - 4,800원
오뚜기)차돌강된장보리밥(컵밥) - 4,800원
오뚜기)톡톡김치알밥(컵밥) - 4,800원
리스테린)그린티250ML - 5,000원
리스테린)그린티100ML - 2,100원
리스테린)쿨민트마일드100ML - 2,100원
나뚜루)녹차파인트 - 12,900원
나뚜루)딸기파인트 - 12,900원
나뚜루)바닐라파인트 - 12,900원
나뚜루)스트로베리치즈파인트 - 12,900원
나뚜루)체리블라썸파인트474ML - 12,900원
나뚜루)초코파인트 - 12,900원
가그린)오리지널380ML - 4,900원
가그린)제로380ML - 4,900원
가그린)라임100ML - 1,900원
가그린)오리지널100ML - 1,900원
라엘)유기농중형4P - 3,200원
라엘)유기농순면커버중형14P - 8,500원
크리넥스)여행용티슈70매 - 1,300원
크리넥스)KF-AD컴포트핏마스크 - 1,100원
크라운)국희땅콩샌드1200 - 1,200원
크라운)참크래커1200 - 1,200원
오리온)후레쉬베리3300 - 3,300원
오리온)치즈뿌린치킨팝1000 - 1,000원
오리온)치킨팝(닭강정)1000 - 1,000원
Y)스윙칩X다운타우너감자칩 - 1,500원
오리온)돌아온배배1500 - 1,500원
오리온)돌아온와클76G - 1,500원
오리온)통크초코1200 - 1,200원
농심)쁘띠파리롤브레드80G - 2,000원
농심)감튀레드칠리맛60G - 1,600원
농심)바나나킥팝콘70G - 1,600원
농심)옥수수깡70G - 1,600원
농심)옥수수깡팝콘70G - 1,600원
농심)옥수수깡하바나맛70G - 1,600원
동서)골든그래놀라밀크바1200 - 1,200원
동서)콘푸라이트밀크바1200 - 1,200원
동서)리츠레몬샌드96G - 2,000원
리츠샌드위치크래커96G - 2,000원
오레오)웨하스스틱초코75G - 2,800원
동서)오레오레드벨벳94G - 1,900원
동서)오레오민트초코80G - 1,900원
동서)오레오씬즈바닐라무스84G - 1,900원
오레오)씬즈초코무스84G - 1,900원
프링글스)매운맛53G(소) - 1,800원
프링글스)양파53G(소) - 1,800원
프링글스)오리지날53G(소) - 1,800원
프링글스)매콤한맛(대) - 3,700원
프링글스)양파맛(대) - 3,700원
프링글스)오리지날(대) - 3,700원
프링글스)치즈맛(대) - 3,700원
벡셀)알카라인AA2입 - 2,900원
벡셀)알카라인AAA2입 - 2,900원
벡셀)알카라인AA4입 - 4,900원
벡셀)알카라인AAA4입 - 4,900원
마이베프)이빨은원래하얗츄10P - 9,900원
그르르)고구마오리말이80G - 3,900원
그르르)닭가슴살스틱80G - 3,900원
그르르)치킨말이우유껌80G - 3,900원
그르르)치킨말이치즈우유껌80G - 3,900원
그르르)훈제오리슬라이스80G - 3,900원
골드로니)순살스틱4P(닭가슴살) - 3,600원
골드로니)순살스틱4P(연어) - 3,600원
골드로니)순살스틱4P(오리안심) - 3,600원
동물농장)소고기&스피루리나스틱 - 3,500원
동물농장)연어&프로바이오틱스 - 3,500원
동물농장)황태&클로렐라소프트 - 3,500원
동물농장)덴탈조인트껌4P(64G) - 5,500원
동물농장)오리날개80G - 4,900원
동물농장)오리목뼈80G - 4,900원
동물농장)프로바이오틱껌블루베 - 3,500원
동물농장)프로바이오틱크렌베리 - 3,500원
동물농장)캣소프트져키닭가슴살 - 3,500원
동물농장)캣스틱닭가슴살&연어 - 3,500원
동물농장)캣스틱닭가슴살&참치 - 3,500원
유어스)그르르냐옹스틱(닭가슴) - 900원
유어스)그르르냐옹스틱(연어) - 900원
유어스)그르르냐옹스틱(참치) - 900원
동물농장)닭가슴살하드35G - 3,900원
하림)애견사료(소고기)200G - 4,400원
프리스키)파티믹스비치(60G) - 4,500원
프리스키)파티믹스클래식(60G) - 4,500원
뉴트리스틱)참치&닭가슴살14G*4 - 3,000원
뉴트리스틱)참치&연어14G*4 - 3,000원
뉴트리스틱)참치14G*4 - 3,000원
동원)뉴트리플랜흰살참치와멸치 - 1,500원
동원)뉴트리플랜흰살참치와치즈 - 1,500원
동원)애묘캔-흰살참치와닭가슴살 - 1,500원
동원)애묘파우치(참치와연어)80G - 1,500원
유어스)동물농장애묘습식(멸치) - 1,500원
유어스)동물농장애묘습식(참치) - 1,500원
대림)한입에꼬치다(매운맛)100G - 2,300원
대림)한입에꼬치다100G - 2,300원
대림)블랙페퍼직화닭가슴살115G - 3,500원
대림)랍스터킹128G - 3,600원
대림)치즈쏙크라비아60G - 2,200원
대림)비엔나에꼬치다90G - 2,500원
대림)양꼬치맛에꼬치다100G - 2,500원
삼립)그릭닭가슴살후랑크70G - 1,800원
삼립)페스츄리불고기피자 - 2,500원
삼립)페스츄리콤비네이션피자 - 2,500원
삼립)페스츄리트러플머쉬룸피자 - 2,500원
삼립)페스츄리후랑크소시지피자 - 2,500원
삼립)생치즈피자불고기 - 2,700원
삼립)생치즈피자콤비네이션 - 2,700원
헤일로탑)씨쏠트카라멜473ML - 11,300원
헤일로탑)피넛버터473ML - 11,300원
허쉬)가나슈녹차파인트474ML - 10,900원
허쉬)가나슈딸기파인트474ML - 10,900원
허쉬)가나슈바나나파인트474ML - 10,900원
허쉬)가나슈바닐라파인트474ML - 10,900원
허쉬)가나슈초코파인트474ML - 10,900원
리뉴)멀티플러스355ML - 7,500원
리뉴)멀티플러스120ML - 3,000원
리뉴)여행용패키지60ML - 3,000원
질레트)퓨전메뉴얼면도날2입 - 19,300원
질레트)스킨텍면도날2입 - 22,500원
페브리즈에어)라벤더향275G - 8,200원
페브리즈에어)맑은하늘바람275G - 8,200원
반찬단지)가리비탕탕이젓80G - 3,000원
반찬단지)낙지탕탕이젓80G - 3,000원
반찬단지)오징어탕탕이젓80G - 3,000원
반찬단지)창난탕탕이젓80G - 3,000원
삼립)치킨버터갈릭오븐구이 - 6,900원
삼립)치킨히말라야소금구이 - 6,900원
삼립)하이면고기국수196G - 3,800원
삼립)하이면장칼국수206G - 3,800원
심플리쿡)반반연탄불고기 - 6,900원
심플리쿡)직화쭈꾸미삼겹살190G - 7,900원
심플리쿡)치킨스테이크230G - 6,900원
심플리쿡)통목살스테이크180G - 6,900원
심플리쿡)마늘고추닭강정250G - 6,900원
오뚜기)직화닭발150G - 9,500원
오뚜기)리얼바삭한빅핫도그120G - 2,600원
오뚜기)새우볶음밥230G - 4,300원
오뚜기)참치김치치즈볶음밥230G - 4,300원
오뚜기)철판감자탕볶음밥230G - 4,300원
오뚜기)불고기피자UNO180G - 5,500원
오뚜기)콤비네이션피자UNO195G - 5,500원
오뚜기)컵피자콤비네이션 - 3,800원
퍼피아이)먼치껌35P - 3,500원
퍼피아이)우유껌5P - 1,700원
고양이)치킨어포샌드위치30G - 2,000원
고양이)캣닙치킨슬라이스27G - 2,000원
시니어소프트)연어소시지100G - 3,300원
헬로키티)츄츄(고양이간식/참치) - 800원
샤프란)핑크센세이션1L - 3,900원
테크750G - 5,500원
쏘피)내몸에순한면라이너28P - 4,700원
쏘피)볼록맞춤중형4P - 1,700원
CJ)삼호어묵얼큰오뎅한그릇360G - 3,300원
CJ)삼호어묵오뎅한그릇360G - 3,300원
롯데)의성마늘프랑크70G(2입) - 3,600원
롯데)키스틱55G - 1,800원
유어스)강철부대빅팜60G - 1,800원
사세)버팔로윙봉220G - 5,900원
롯데)빅핫도그140G - 2,800원
CJ)비비고썰은배추김치60G - 1,100원
CJ)비비고김치400G - 5,200원
CJ)비비고김치볶음150G - 2,700원
CJ)비비고김치볶음80G - 1,600원
CJ)비비고썰은배추김치100G - 1,600원
삼양)한입고기찐만두168G - 2,900원
삼양)한입김치찐만두168G - 2,900원
CJ)스팸김치볶음밥220G - 3,500원
CJ)스팸볶음밥220G - 3,500원
CJ)고메치킨고추크런치180G - 5,400원
CJ)비비고김치왕교자385G - 5,400원
CJ)비비고매운왕교자315G - 5,400원
CJ)비비고왕교자420G - 5,400원
순수향)한입갈비만두180G - 2,800원
대림)한입피자고르곤졸라80G - 1,900원
대림)한입피자콤비네이션80G - 1,900원
대림)숯불구이후랑크70G(2입) - 3,200원
해태)고향만두415G - 4,800원
해태)고향만두김치450G - 4,800원
진주)천하장사BIG70G - 2,200원
진주)천하장사치즈60G - 2,000원
진주)천하장사50G - 1,800원
갓생)구운양파소시지80G - 2,000원
갓생)허니버터소시지80G - 2,000원
유어스)207소세지120G - 2,100원
동서)오틀리오리지널250ML - 2,000원
동서)오틀리초코250ML - 2,000원
진주)포차닭발볶이205G - 7,900원
오늘의)반마리치킨400G - 7,500원
오늘의)닭다리340G - 7,900원
킬바사핫도그139G - 2,000원
갓생)와사비소스에빠진크래미 - 2,800원
한성)크래미90G - 2,400원
니베아)퍼펙트선세럼90ML - 20,800원
니베아)데오드란트60ML(드라이) - 7,500원
니베아)썬로션50ML(SPF50+) - 7,900원
갸스비)수퍼하드스타일링젤200G - 5,500원
갸스비)그란지매트왁스80G - 9,800원
니베아)립케어망고샤인4.8G - 4,100원
LIF)옥수수밀크180ML - 1,100원
제니코)스모크스트링치즈 - 1,500원
제니코)스트링치즈24G - 1,500원
제니코)저지방스트링치즈24G - 1,500원
유어스)마블야쿠르트그랜드450ML - 1,900원
Y)야쿠르트그랜드라이트280ML - 1,400원
Y)야쿠르트그랜드샤인머스캣280 - 1,400원
유어스)야쿠르트그랜드280ML - 1,400원
유어스)야쿠르트그랜드딸기280ML - 1,400원
롯데)위편한하루150ML - 1,600원
랩노쉬)드링크감자&솔티드카라멜 - 2,200원
랩노쉬)드링크고구마&펌킨 - 2,200원
남양)맛있는우유GT딸기300ML - 1,600원
남양)맛있는우유GT초코300ML - 1,600원
남양)맛있는우유GT커피300ML - 1,600원
남양)루카스라떼250ML - 2,200원
남양)루카스아메리카노250ML - 2,200원
남양)FC로스터리돌체연유라떼 - 2,200원
남양)FC로스터리블랙글레이즈드 - 2,200원
남양)FC로스터리에스프레소라떼 - 2,200원
남양)FC로스터리카라멜마끼아또 - 2,200원
남양)프렌치카페(카페오레) - 1,700원
남양)프렌치카페(카푸치노) - 1,700원
남양)프렌치카페카라멜마키아또 - 1,700원
서울)강릉커피너티크림라떼250ML - 2,500원
서울)강릉커피라떼250ML - 2,500원
서울)스페셜티마일드250ML - 2,200원
서울)스페셜티카페라떼250ML - 2,200원
서울)비요뜨(링크)138G - 1,500원
서울)비요뜨(초코링) - 1,500원
서울)비요뜨(초코크리스피)142G - 1,500원
서울)비요뜨(초코팝)143G - 1,500원
서울)비요뜨(쿠키앤크림)136G - 1,500원
서울)비요뜨(크런치볼) - 1,500원
서울)검은콩우유블랙300ML - 1,650원
서울)딸기우유300ML - 1,650원
서울)바나나우유300ML - 1,650원
서울)초코우유300ML - 1,650원
서울)커피우유300ML - 1,650원
맥심)TOP플라워피니시라떼360ML - 2,500원
맥심)TOP플라워피니시블랙360ML - 2,500원
맥심)TOP심플리스무스라떼240ML - 1,900원
맥심TOP)스위트아메리카노240ML - 1,900원
맥심TOP)심플리스무스블랙240ML - 1,900원
맥심)TOP너티카라멜라떼300ML - 2,400원
맥심)TOP마일드라떼300ML(컵) - 2,400원
맥심)TOP볼드라떼300ML(컵) - 2,400원
맥심)TOP에스프레소라떼300ML - 2,400원
빙그레)요플레프로틴맥스210ML - 3,200원
유어스)아카페라라떼380ML - 2,500원
유어스)아카페라바닐라380ML - 2,500원
유어스)아카페라카라멜380ML - 2,500원
빙그레)통모짜스트링치즈18G - 1,200원
유어스)오늘의과일야채ABC190ML - 1,200원
유어스)오늘의과일야채사과190ML - 1,200원
유어스)오늘의과일야채포도190ML - 1,200원
빙그레)요플레토핑다크초코 - 1,500원
빙그레)요플레토핑프레첼&초코 - 1,500원
빙그레)프로틴딸기바나나210ML - 2,900원
빙그레)프로틴플레인210ML - 2,900원
빙그레)닥터캡슐베리믹스130ML - 1,900원
빙그레)닥터캡슐사과130ML - 1,900원
빙그레)닥터캡슐프로텍트130ML - 1,900원
빙그레)아카페라사이즈업라떼 - 2,200원
빙그레)아카페라사이즈업바닐라 - 2,200원
빙그레)아카페라사이즈업아메리 - 2,200원
빙그레)아카페라사이즈업아샷추 - 2,200원
빙그레)스페셜티컵마끼아또300ML - 2,500원
빙그레)스페셜티컵바닐라라떼300 - 2,500원
이디야)돌체콜드브루300ML - 2,700원
이디야)바닐라라떼300ML - 2,700원
이디야)쇼콜라모카300ML - 2,700원
이디야)카페라떼300ML - 2,700원
이디야)토피넛시그니처라떼300ML - 2,700원
랩노쉬)마시는식사마일드라떼 - 2,900원
랩노쉬)마시는식사마일드카카오 - 2,900원
델몬트)콜드쥬스오렌지250ML - 1,400원
델몬트)콜드쥬스포도250ML - 1,400원
롯데)오가닉레드비트&배&토마토 - 1,400원
롯데)오가닉사과&당근125ML - 1,400원
롯데)오가닉적포도&보라당근 - 1,400원
푸르밀)마리아바닐라라떼300ML - 2,700원
푸르밀)마리아스모키라떼300ML - 2,700원
푸르밀)웰치사과에이드250ML - 1,500원
푸르밀)웰치포도에이드250ML - 1,500원
매일)어메이징오트언스위트190ML - 1,200원
매일)어메이징오트오리지널190ML - 1,200원
매일)바이오드링킹딸기250ML - 2,000원
매일)바이오드링킹블루베리250ML - 2,000원
매일)바이오드링킹플레인250ML - 2,000원
매일)엔요280ML - 1,400원
유어스)달고나라떼250ML - 2,000원
매일)상하미니칼슘체다치즈48G - 2,200원
매일)상하미니크림치즈48G - 2,200원
매일)과일야채샐러드레드190ML - 1,800원
매일)과일야채샐러드퍼플190ML - 1,800원
매일)허쉬초코렛드링크235ML - 1,200원
매일)허쉬초코렛프로틴235ML - 1,200원
매일)허쉬쿠키앤크림235ML - 1,200원
매일)바리스타바닐라빈라떼325ML - 2,700원
매일)바리스타쇼콜라모카325ML - 2,700원
매일)바리스타콜드브루블랙325ML - 2,700원
매일)바리스타플라넬드립라떼325 - 2,700원
매일)바리스타로슈거에스프레소 - 2,200원
매일)바리스타모카프레소250ML - 2,200원
매일)바리스타스모키250ML - 2,200원
매일)바리스타에스프레소라떼250 - 2,200원
매일)바리스타카라멜프레소250ML - 2,200원
매일)우유속에딸기과즙우유300ML - 1,650원
매일)커피속에모카치노300ML - 1,650원
동원)오리진모카라떼300ML - 2,700원
동원)오리진바닐라라떼300ML - 2,700원
동원)오리진아메리카노300ML - 2,700원
덴마크)오리진돌체라떼250ML - 2,200원
덴마크)오리진카페라떼250ML - 2,200원
덴마크)오리진토피넛라떼250ML - 2,200원
동원)쿨피스(복숭아)450ML - 800원
갓생기획)노티드라즈베리밀크 - 1,500원
갓생기획)노티드바나나밀크300ML - 1,500원
갓생기획)노티드바닐라밀크300ML - 1,500원
덴마크)요거밀왕초코링134G - 1,500원
덴마크)얼라이브망고250ML - 1,600원
덴마크)얼라이브머스캣청포도250 - 1,600원
덴마크)얼라이브블러드오렌지250 - 1,600원
덴마크)얼라이브스위티자몽250ML - 1,600원
덴마크)요구르트딸기300ML - 2,000원
덴마크)요구르트베리믹스300ML - 2,000원
덴마크)요구르트복숭아300ML - 2,000원
덴마크)요구르트사과300ML - 2,000원
덴마크)요구르트샤인머스캣310ML - 2,000원
덴마크)요구르트플레인300ML - 2,000원
유어스(P)버터커피250ML - 2,500원
유어스)타이거슈가흑당밀크티300 - 2,500원
유어스)타이거슈가흑당카페라떼 - 2,500원
덴마크)콩카페연유라떼250ML - 2,200원
덴마크)콩카페코코넛라떼250ML - 2,200원
효성)소세지어묵바90G - 2,500원
효성)치즈어묵바80G - 2,500원
효성)땡초어묵바80G - 2,500원
행복담기)계란꼬치(소시지)110G - 2,500원
행복담기)계란꼬치(햄치즈)110G - 2,500원
대광)오리지널닭가슴살110G - 2,900원
대광)훈제닭가슴살110G - 2,900원
제주에어)불고기치즈피자100G - 2,500원
제주에어)콤비네이션피자100G - 2,500원
대파닭꼬치180G(데리야끼) - 5,900원
리치)매콤불맛바베큐치킨160G - 3,700원
리치)훈제치킨골드160G - 3,700원
오늘의)매콤시즈닝먹태35G - 4,800원
동원)양반쇠고기죽287Ｇ - 4,500원
동원)양반전복죽287G - 4,500원
종가집)맛김치130G - 2,100원
종가집)볶음김치80G - 1,600원
종가집)맛김치75G - 1,300원
종가집)맛김치80G - 1,300원
대상)안주야직화무뼈닭발160G - 8,900원
대상)안주야직화불막창160G - 8,900원
뉴트로지나)딥클린포밍클렌100G - 8,900원
존슨즈베이비핑크로션100ML - 6,000원
존슨즈)화이트후레쉬로션100ML - 6,000원
ZK)남성면덧신1+1 - 4,500원
ZK)여성소프트덧신1+1 - 4,500원
ZK)바닥쿠션덧신(회색) - 4,800원
포인트)올인원클렌징티슈20P - 2,700원
​
★덤증정★
하림)더미식유니자장면(2입) (+하림)THE미식고시히카리밥180G) - 8,900원
페레로)킨더조이(걸)1800 (+페레로)킨더부에노1500) - 1,800원
페레로)킨더조이(보이)1800 (+페레로)킨더부에노1500) - 1,800원
롯데)자일리톨BIG알파피치10000 (+롯데)몽쉘(딸기맛)3000) - 10,000원
롯데)자일리톨BIG오리지날용기 (+롯데)몽쉘(딸기맛)3000) - 10,000원
롯데)자일리톨BIG퍼플믹스용기 (+롯데)몽쉘(딸기맛)3000) - 10,000원
쫄깃한한입문어70G(냉장) (+롯데)펩시콜라캔250ML) - 5,500원
고기의정석)삼겹살300G(냉동) (+삼양)불닭볶음면(봉지)) - 9,900원
정화)구운왕쥐포구이120G (+Y(P)농협땅콩강정140G) - 7,400원
SET)딸기파이패스츄리(15입) (+유어스)지리산맑은샘물2L) - 7,900원
SET)아몬드파이패스츄리(15입) (+유어스)지리산맑은샘물2L) - 7,900원
SET)오븐에구운갈릭스틱빵(12입) (+유어스)지리산맑은샘물2L) - 6,900원
SET)크림치즈휘낭시에(8입) (+유어스)지리산맑은샘물2L) - 7,900원
SET)허니버터갈릭바게트270G (+유어스)지리산맑은샘물2L) - 6,900원
삼립)108겹스틱파이(15입) (+유어스)지리산맑은샘물2L) - 7,900원
본고장)냉메밀면(대컵) (+유어스)아이스컵(185G)) - 3,200원
본고장)춘천식막국수(대컵) (+유어스)아이스컵(185G)) - 3,500원
콜)컵카페꿀인삼100G (+서울)우유200ML) - 2,900원
콜)컵카페스트로베리80G (+서울)우유200ML) - 2,500원",https://blog.naver.com/patently/222729605436,,20220512,2026-04-27 16:18:45
