상품명,연결중심성,매개중심성,연결&매개 상위 10% 여부,ip포함여부
동원)어단백피쉬프로틴바닭가슴살70g,0.0225613802256138,0.002703567787956484,0,X
쿡인페이퍼)즉석신라면,0.026542800265428004,0.005159809523597883,0,X
삼립)프로H.곡물크림빵75g,0.021897810218978103,0.0005409495709026353,0,X
삼립)잭슨치즈버터꿀호떡90g,0.023224950232249502,0.001814543835318368,0,X
KBO)LG트윈스쌍둥이딸기샌드99g,0.013934970139349702,0.00018439454498442984,0,O
KBO)SSG랜더스소금버터우주선빵85g,0.013934970139349702,0.0001781672019438821,0,O
삼립)빚은제주우유대박찹쌀떡95g,0.030524220305242204,0.0044113175571832254,0,X
삼립)프로H.밀크카스테라95g,0.0185799601857996,0.0016529520791978734,0,X
삼양)맹구짱구85g,0.0371599203715992,0.006731540057507647,1,X
해태)생생감자칩스리라차마요맛55g,0.039814200398142006,0.0021387583075499874,0,X
PB)자이언츠돌아온팅클초코맛60g,0.046449900464499004,0.004357367898893483,1,O
PB)K리그슛!소보로빵75g,0.023224950232249502,0.0011523194359063834,0,O
해태)에이스샌드말차맛68g,0.07365627073656271,0.009115245597865232,1,X
선우)황금고구마칩60g,0.04844061048440611,0.0049430106466251044,1,X
G)잭슨스고구마칩할라피뇨28g,0.015262110152621102,0.00036095070747799683,0,X
롯데)소고기짬뽕밥삼각,0.0364963503649635,0.004516092089548442,1,X
PB)자이언츠쌔리라메이플볼60g,0.026542800265428004,0.0013271293082621777,0,O
PB)자이언츠쌔리라짱셔요소다믹스맛49g,0.029860650298606503,0.0015145327237629418,0,O
미스티)산리오딸기냠냠25g,0.006635700066357001,0.0002467565154344055,0,X
미스티)산리오초코냠냠25g,0.013934970139349702,0.0010389405346430132,0,X
크라운)산도밀크팝161g,0.0371599203715992,0.0005771993648195261,0,X
크라운)산도딸기(소)61g,0.028533510285335104,0.00040822859195927783,0,X
MDS)로제햄마카로니콘치즈255g,0.0159256801592568,0.001957984630826724,0,X
PB)촉촉크래미샐러드110g,0.029197080291970802,0.006774419749303116,0,O
해태)홈런볼말차딸기49g,0.043132050431320505,0.003840809193747207,1,X
롯데)치토스돌아온체스터쿵딸기55g,0.0537491705374917,0.004427098548170904,1,X
삼립)25년생생야채호빵(4입),0.0053085600530856005,0.00021803611326373602,0,X
부창제과)호두단팥호빵(3입),0.0033178500331785005,1.1796006757095753e-05,0,X
나무)드럼스틱모양젤리(바나나&블루베리)50g,0.035169210351692105,0.0008396238151026595,0,X
서주)불닭볶구미40g,0.038487060384870604,0.0019036702114012712,0,X
삼립)25년생생야채호빵(찜기낱개),0.0046449900464499,0.0005350590572911796,0,X
부창제과)호두단팥호빵(찜기낱개),0.0033178500331785005,8.102867084998381e-07,0,X
특판)슛더비라면,0.0006635700066357001,0.0,0,X
그린)뷔페한상 11찬도시락,0.029197080291970802,0.0017699317075241697,0,X
콕콕콕)스파게티김밥,0.029860650298606503,0.0014869846182514691,0,X
오뚜기)더핫열라면큰컵,0.029197080291970802,0.0022675971443542,0,X
매일)바나나는원래맛있다190ml,0.0112806901128069,0.0008096178221375176,0,X
삼립)마법의망고치즈케익70g,0.010617120106171201,0.001362114189730944,0,X
KBO)삼구삼진슈80g,0.013934970139349702,0.0008884593900535798,0,O
KBO)롯데자이언츠거인단팥빵100g,0.029860650298606503,0.0051712536161458884,0,O
일신)캇예스사우어구미75g,0.0378234903782349,0.0006415372888267067,0,X
몽뜨)푸르츠사워패치젤리40g,0.035169210351692105,0.0013917140092802622,0,X
부창제과)우유니소금크림호두단팥빵110g,0.0245520902455209,0.002089167555850833,0,X
오리온)뉴룽지카라멜크룽지맛70g,0.039150630391506305,0.005340578894417196,1,X
오리온)닥터유에너지바저당50g,0.0092899800928998,0.00029644341790800526,0,X
미성)해씨초콜릿 30g,0.012607830126078301,0.0013239635885636265,0,X
안유성)나폴리탄파스타230g,0.026542800265428004,0.0044228122057119006,0,X
롯데)최강록의간장들기름비빔밥,0.014598540145985401,0.002700859659471326,0,X
풀무원)동물복지촉촉란2구(떡볶이소스)105g,0.0205706702057067,0.003224222425767236,0,X
고래사)닭가슴살치즈바80g,0.0325149303251493,0.0028448545506781307,0,X
삼립)옥고감샌드,0.015262110152621102,0.0002474172064029095,0,X
맛제일)스팸마요계란볶음밥,0.039150630391506305,0.003647056039974427,1,X
해태)구운버터옥수수60g,0.054412740544127404,0.004537397630692428,1,X
오리온)꼬북칩양념치킨맛68g,0.031187790311877902,0.0014330080437580013,0,X
삼립)프리미엄햄에그샌드,0.0092899800928998,0.0002451761540950834,0,X
롯데)유자치킨샌드,0.0185799601857996,0.0016456735035243661,0,X
해태)에이스샌드체다치즈맛204g,0.035169210351692105,0.0027564677707131173,0,X
훼밀리)포도무케루푸루푸루구미40g,0.055076310550763105,0.005052032966719306,1,X
해태)자가비핫트러플맛90g,0.047777040477770406,0.001542593883095171,0,X
스위트)부르봉그루터기초코비스킷66g,0.0245520902455209,0.004127494612343193,0,X
G)컨트리맘꿀고구마맛12입,0.051758460517584606,0.003697585820190999,1,X
롯데)가나쇼콜라케이크80g,0.0159256801592568,0.0013452110516868749,0,X
일신)캇예스레인보우75g,0.0318513603185136,0.0011507710635195703,0,X
아리)즉석참깨라면,0.011944260119442602,0.0067594214459892514,0,X
최강록의진심)지파이,0.0092899800928998,0.0011444897310393962,0,X
크라운)산도크림(소)61g,0.027206370272063702,0.01164289796576457,0,X
롯데)프리미엄가나밤카라멜68g,0.0404777704047777,0.0027218276942936864,0,X
7P)스트롱사와거봉500ml,0.009953550099535502,0.0006375305193246264,0,X
오뚜기)콘크림스프크리스피롤55g,0.0743198407431984,0.018226623459699002,1,X
오리온)코코망고알맹이67g,0.04445919044459191,0.001830568529988198,0,X
오리온)촉촉한초코칩16P,0.043132050431320505,0.0031142197953641414,0,X
롯데)찰떡파이고창꿀고구마250g,0.015262110152621102,9.2353932892511e-05,0,X
동서)오레오딸기100g,0.046449900464499004,0.006023665393334603,1,X
MZ)AFC야채크래커150g,0.019907100199071003,0.0012189514721336542,0,X
쿡인페이퍼)즉석열라면,0.0205706702057067,0.0011046515042174077,0,X
쿡인페이퍼)즉석삼양라면,0.011944260119442602,3.436107302098381e-05,0,X
매일)그릭드링크플레인190ml,0.006635700066357001,0.0001767717465217101,0,X
빙그레)요플레그릭마일드180g,0.017252820172528202,0.0018864722997040668,0,X
롯데)고기(肉)올인원도시락,0.0225613802256138,0.001135522255159912,0,X
롯데)깐부도시락(깐풍기&마파두부),0.0325149303251493,0.0020811530547081535,0,X
롯데)프리미엄가나사과피넛버터68g,0.046449900464499004,0.0033909271753882093,0,X
엠즈)제주에서온말차크림롤105g,0.0418049104180491,0.005801484123944687,1,X
PB)자이언츠피카츄냐냐71g,0.0497677504976775,0.008690902846055518,1,O
프레)캐치티니핑워터젤리복숭아맛110ml,0.013934970139349702,0.0008555723200856348,0,X
농심)먹태깡고추장마요60g,0.034505640345056404,0.004888386985995914,1,X
PB)오리지널후라이드닭껍질30g,0.0019907100199071,3.703033721475055e-06,0,O
삼립)타임핏리코타요거샐러드110g,0.014598540145985401,0.0015898915768623406,0,X
총동원)그릴리직화후랑크&제육도시락,0.023888520238885203,0.001180318584996162,0,X
롯데)제주흑돼지김밥,0.043132050431320505,0.0026415336665977307,0,X
오뚜기)콕콕콕땡초크림파스타,0.06436629064366291,0.014001849552245408,1,X
미스티)사브레초코버터쿠키80g,0.06702057067020571,0.006957255300247315,1,X
롯데)씨리얼초코컵89g,0.023224950232249502,0.00046159154880385866,0,X
그린)트윈샐러드샌드,0.017916390179163903,0.0015251488059269363,0,X
그린)전남친샌드,0.017916390179163903,0.0016218711881291572,0,X
쿡인페이퍼)즉석짜파게티,0.0165892501658925,0.00030343837442873347,0,X
행복담기)동의반숙란2입,0.035169210351692105,0.007501552355921371,1,X
마즈)트윅스솔티드카라멜50g,0.050431320504313204,0.00698575202853667,1,X
자이언츠)쌔리라마롱미니샌드65g,0.017252820172528202,0.001616588803824611,0,O
천하)구카누가필링크래커100g,0.029197080291970802,0.0005101726083703332,0,X
롯데)씨리얼초코42g,0.033178500331785,0.0006181746977970922,0,X
MQ)프링글스스윗어니언100g,0.0245520902455209,0.0014579806890266686,0,X
에스씨)이치미니쌀과자120g,0.023888520238885203,0.0005793846949654508,0,X
PB)허니바나나맛HBMchips72g,0.0457863304578633,0.004825164004123287,1,O
CJ)오마이갓김치시즈닝팝콘80g,0.0053085600530856005,1.3436529612960017e-05,0,X
롯데)듬뿍참치유부초밥,0.019907100199071003,0.004160383851656901,0,X
롯데)소고기전주비빔삼각김밥,0.015262110152621102,0.003143595234384143,0,X
MDS)쫀득쫀똑(고구마)60g,0.027869940278699403,0.003673907520148591,0,X
그린)명란마요유부초밥,0.0378234903782349,0.0039116781209706806,1,X
롯데)사가지있는유부초밥,0.034505640345056404,0.004160414878421878,1,X
농심)감자탕큰사발면,0.0637027206370272,0.012581479141836894,1,X
엠즈)39저당초코크림롤105g,0.010617120106171201,0.0011500181396686463,0,X
엠즈)39저당커스터드크림롤105g,0.0072992700729927005,0.0009538359109705132,0,X
그린)춘천식닭갈비유부말이,0.034505640345056404,0.0014162685082892141,0,X
그린)울트라트리플치즈버거2,0.026542800265428004,0.0004236122201619157,0,X
그린)크랜베리치킨샌드,0.0325149303251493,0.0027301945971666716,0,X
삼립)미각아몬드초코브레드90g,0.027869940278699403,0.0009244138637833751,0,X
삼립)단팥호빵100g(1입),0.026542800265428004,0.0015228074888893614,0,X
남양)테이크핏몬스터고소한맛350ml,0.008626410086264101,0.0002179114864139047,0,X
삼립)시티델리직화그릴모짜렐라버거,0.0225613802256138,0.0008894768506592688,0,X
삼양)탱글머쉬룸크림파스타큰컵,0.023224950232249502,0.0025344600259249173,0,X
삼양)탱글청크토마토파스타큰컵,0.0185799601857996,0.0011914414147590996,0,X
해태)구운고구마27g,0.0378234903782349,0.0021756672119953094,0,X
오리온)찍먹예감치폴레마요소스76g,0.0789648307896483,0.01047456317394219,1,X
삼립)미각카이막꿀치즈케익100g,0.031187790311877902,0.003154104316297781,0,X
이정후)XXL페이버릿피자,0.019243530192435302,0.0014792265629868181,0,X
크라운)디샤미니마스코바도34g,0.013271400132714002,8.557782290114906e-05,0,X
해태)홈런볼메론우유맛49g,0.0710019907100199,0.0046487278375099625,1,X
엔제이)훈와리스팀케이크카스타드,0.030524220305242204,0.00500487316089723,0,X
엔제이)메이플시럽팬케익65g,0.014598540145985401,0.001102676692842292,0,X
프로엠)테디베어초코빼빼로띠지2입,0.0079628400796284,0.00011469127387837628,0,X
프로엠)테디베어아몬드빼빼로띠지2입,0.0072992700729927005,0.0012119794657896512,0,X
농심)신라면햄버거컵,0.0112806901128069,0.00046841653184218404,0,X
농심)신라면슈퍼스타컵,0.011944260119442602,0.00036737833785551545,0,X
청우)그랑쉘딸기97g,0.0537491705374917,0.001837827977439042,0,X
하리보)해리포터해리75g,0.043795620437956206,0.003307239959111213,0,X
PB)까르보나라파스타282.5g,0.0245520902455209,0.0027778067078324596,0,O
그린)반반김밥_양념&마늘치킨,0.017252820172528202,0.0017318096725385682,0,X
삼립)미각블루베리꽈베이글100g,0.009953550099535502,0.0014688084663755205,0,X
삼립)25년듬뿍피자호빵(찜기낱개),0.009953550099535502,0.0018194763388825214,0,X
삼립)오븐구운생크림도넛200g(5입),0.006635700066357001,0.0003112766770678493,0,X
롯데)흑돼지고추장불고기도시락,0.0165892501658925,0.0007434613026219514,0,X
이정후)고기폭탄홈런비빔밥,0.021897810218978103,0.0015587524447824457,0,X
훼밀리)사과무케루푸루푸루구미40g,0.0457863304578633,0.0014436166216993194,0,X
위스트)미스터브라우니벨지안초코칩,0.023888520238885203,0.0014942874854729552,0,X
글로브)도토리젤리15g,0.0165892501658925,0.0006695701694900161,0,X
오리온)마켓오크림치즈브라우니12P,0.0743198407431984,0.007982513644481777,1,X
MQ)프링글스캐리비안식치킨맛100g,0.030524220305242204,0.000662301707938577,0,X
롯데)맛장우삼각더커진비빔참치,0.017252820172528202,0.006104585135284762,0,X
롯데)베스트콤보샌드,0.0013271400132714001,1.1702729403762539e-05,0,X
투데이)엄지닭라면스낵20g(낱개),0.010617120106171201,0.003332798171057204,0,X
PB)티처스누네띠네딥초코55g,0.0497677504976775,0.005461662651266602,1,O
그린)이건못참치~!삼각,0.0053085600530856005,6.385796463443058e-05,0,X
롯데)미노리키친갓돼지삼각,0.015262110152621102,0.0009967639735522396,0,X
동서)리츠바삭김73g,0.06038487060384871,0.003987899533932315,1,X
매크로)레옹사우어비타민C자몽젤리80g,0.017252820172528202,5.361812422076224e-05,0,X
유앤)드럼스틱젤리(두가지맛믹스)80g,0.031187790311877902,0.0007367294073011702,0,X
농심)마라짜파게티큰사발,0.011944260119442602,0.00048791821052239666,0,X
키다리)진실의미간대파육개장큰컵,0.019907100199071003,0.0017303599453077966,0,X
요즘)오!그래놀라저당그릭요거트115g,0.0371599203715992,0.005807767073057426,1,X
푸드빌)제주에서온말차크림빵110g,0.021897810218978103,0.0029473559143921866,0,X
한도초과)몬스터3단치킨버거,0.027869940278699403,0.0004992962855117145,0,O
오리온)스윙칩고수타코맛50g,0.06038487060384871,0.003688551948213692,1,X
오리온)꼬북칩후라이드치킨맛76g,0.023888520238885203,0.0001781550534815952,0,X
이장우)오일스타알리오올리오,0.021234240212342402,0.0020973389617199474,0,X
동원)양반현미밥130g,0.019907100199071003,0.0020028458809140705,0,X
벨리)제주에서온말차크림도넛100g,0.026542800265428004,0.002487792294638774,0,X
부창제과)우유니소금크림맘모롤95g,0.033178500331785,0.0070014901968213205,0,X
오리온)초코송이말차45g,0.023888520238885203,0.002370389048616647,0,X
오뚜기)뿌셔뿌셔불고기맛팝콘40g,0.017916390179163903,0.00033927217474820256,0,X
에이스)경주빵32g,0.010617120106171201,0.00039518742130519215,0,X
삼립)바나나블루베리샌드,0.013271400132714002,0.0018625052780223,0,X
롯데)닭강정김밥,0.0092899800928998,0.0016004966110531827,0,X
해태)생생감자칩바질페스토피자맛55g,0.0617120106171201,0.007236891789351615,1,X
PKJ)양파에빠진메밀칩100g,0.0159256801592568,0.0005608483202444969,0,X
MDS)젤리블리제로납작복숭아60g,0.031187790311877902,0.0031140430057419715,0,X
PB)바밤바알밤초콜릿16g,0.038487060384870604,0.0035460864645331176,0,O
투데이)엄지닭스낵불닭맛20g(낱개),0.012607830126078301,0.00035825457238828755,0,X
PB)직화불막창180g,0.013934970139349702,0.002647322276455407,0,O
오뚜기)WOW고기열라면컵,0.029860650298606503,0.003406740766799293,0,X
롯데)한입쏙!들기름김밥,0.026542800265428004,0.004861523448035878,0,X
롯데)티처스햄치즈에그팡팡토스트,0.021897810218978103,0.0020405439162379316,0,X
쿡인페이퍼)즉석오징어짬뽕,0.017252820172528202,0.0020782293298405308,0,X
롯데)이너프토스티드브레드45g,0.0092899800928998,0.0006993707781781436,0,X
삼립)빅패스츄리110g,0.026542800265428004,0.0007504088862072899,0,X
PB)분홍분홍딸기우유500ml,0.025215660252156602,0.0032897145598809407,0,O
오뚜기)고단백컵누들마라샹궈,0.027206370272063702,0.0037273312613504543,0,X
투데이)스위즐스드럼스틱오리지널라즈베리&밀크100g,0.023224950232249502,0.00037307297735315577,0,X
그린)울진대게장유부초밥,0.026542800265428004,0.0028428689949923725,0,X
삼진)1953어묵순살바80g(야채맛),0.017916390179163903,0.0015668124303734325,0,X
삼진)1953어묵순살바80g(오징어맛),0.011944260119442602,0.0007853727930335721,0,X
아리)즉석맵탱마늘조개라면,0.0053085600530856005,0.0002121412113831397,0,X
아리)진라면약간매운맛,0.0013271400132714001,0.0,0,X
롯데)이너프베이크드쿠키크랜베리43g,0.019243530192435302,0.001246743594846669,0,X
PB)노랑노랑바나나우유500ml,0.019243530192435302,0.000896363336308766,0,O
고운벗)사우어워즈로프구미레몬21g,0.017252820172528202,0.00037706918843013863,0,X
드림)젤리밤50g,0.029860650298606503,0.0006832738788055444,0,X
삼립)베리스윗패스츄리100g,0.012607830126078301,0.0016397304521009388,0,X
KBO)삼성라이온즈블루베리패스츄리100g,0.013271400132714002,0.00021143852114540815,0,O
삼립)뽀득소시지에그샌드,0.0338420703384207,0.0029999817012303876,0,X
그린)치킨마요듬뿍김밥 ,0.0205706702057067,0.0007659923303334089,0,X
오리온)초코송이딸기45g,0.0577305905773059,0.0051859720455806725,1,X
롯데)가나프리미엄랑드샤말차쇼콜라91g,0.0245520902455209,0.0004571222596870934,0,X
해태)팥붕슈붕젤리60g,0.0225613802256138,0.00022791559686860543,0,X
삼립)잘익은흑임자이야기110g,0.028533510285335104,0.0032892013677336203,0,X
롯데)꿀고구마납짝호떡92g,0.0378234903782349,0.00274719400793808,0,X
PB)장충동고기순대300g,0.010617120106171201,0.0017673536536729703,0,O
"롯데)3,900나시고랭볶음밥",0.029860650298606503,0.003192393951218911,0,X
글로브)달콤바삭보리과자84g,0.0112806901128069,0.0006394991311079555,0,X
오리온)과일꿀꺽왕꿈틀이75g,0.0364963503649635,0.0015684748180295758,0,X
해태)허니버터칩캐슬갈릭브레드맛,0.0537491705374917,0.004927522197362205,1,X
MQ)프링글스한국식닭강정맛100g,0.034505640345056404,0.0009353660339819119,0,X
삼립)누네띠네딥초코120g,0.029197080291970802,0.0003855827786956942,0,X
농심)메론킥60g,0.051094890510948905,0.007625975792974337,1,X
한도초과)숯불향가득불고기김밥,0.017252820172528202,0.0021231123327180783,0,O
삼립)고구마생크림팬케익60g,0.0092899800928998,0.0017811097438218456,0,X
삼립)초당옥수수미니꿀약과70g,0.039814200398142006,0.007241761297860145,1,X
서울)비요뜨쿠키앤크림131g,0.046449900464499004,0.012645530810587752,1,X
하늘)크랜베리베이글칩60g,0.0079628400796284,0.00019929734044112093,0,X
이정후)더블클래식버거,0.0185799601857996,0.0014988213522208569,0,X
그린)쉬포쉬포버거,0.0245520902455209,0.0017554542589439577,0,X
유앤)스웨디시스타일젤리(올믹스드업)120g,0.0325149303251493,0.0006248390805320569,0,X
비달)스트로베리위드크림젤리 75g,0.0338420703384207,0.0009840320429914233,0,X
PB)K리그슛!크림빵105g,0.023224950232249502,0.0006545110866856852,0,O
PB)K리그슛!팅클별매콤달콤60g,0.017252820172528202,0.0008948255409406394,0,O
PB)바밤바꿀밤생크림빵120g,0.014598540145985401,0.003193206307304351,0,O
해태)구운양파명랑핫도그맛110g,0.039150630391506305,0.0012692150727347483,0,X
롯데)7찬도시락,0.013271400132714002,0.0018910002091096928,0,X
그린)제일맛집도시락,0.013934970139349702,0.0008017599084040209,0,X
롯데)이너프홀그레인큐브케이크60g,0.0079628400796284,7.517399516077012e-05,0,X
삼립)녹차담은초코꾸덕파이70g,0.021234240212342402,0.0012684620566234522,0,X
이스타)도쿠시마라면큰컵,0.029197080291970802,0.005123770244719245,0,O
농심)신라면스파이시퀸컵,0.008626410086264101,0.0002732013045720915,0,X
PB)장충동쫄깃한족발265g,0.011944260119442602,0.0010221819277048043,0,O
현대)맛다시참치마요에그말이,0.0245520902455209,0.001061958588136372,0,X
삼립)카이막꿀크림카스테라95g,0.025215660252156602,0.0045847530898304005,0,X
롯데)맛장우김밥참치크래미,0.0112806901128069,0.0010557161207410898,0,X
시원)치즈아몬드스낵80g,0.0159256801592568,0.0004925845889549467,0,X
MDS)젤리블리제로애플망고60g,0.026542800265428004,0.0018370531605165085,0,X
구르메)FAGE무지방그릭요거트허니150g,0.0112806901128069,0.0007845109311939259,0,X
롯데)리얼소프트햄샌드,0.0072992700729927005,0.00023551992509722358,0,X
삼립)로만밀포테이토햄샌드,0.013271400132714002,0.001096133550574352,0,X
고운벗)스노우생초코레트오리지널32g,0.0338420703384207,0.008305541784669274,1,X
서울)말차에스프레소200ml,0.0205706702057067,0.0032324139632617373,0,X
몽뜨)타르트젤리35g,0.0205706702057067,0.002390137881552054,0,X
PB)촉촉한초코칩쿠키230g,0.0325149303251493,0.0015767128749383712,0,O
PB)인절미스낵56g,0.027206370272063702,0.0008296226743863056,0,O
해태)자가비사워크림맛45g,0.0617120106171201,0.0077203387593765774,1,X
★몽뜨)하트베어,0.0013271400132714001,7.343625571444223e-07,0,X
★여리수)초코하우스(중),0.0033178500331785005,0.0012442587060723697,0,X
청정)오늘은오징어120g,0.0033178500331785005,8.450214255507729e-05,0,X
오리온)딸기송이50g(봄한정),0.0245520902455209,0.0009044306626178493,0,X
에이스)샤인머스켓젤리64g,0.0245520902455209,0.0002548202677951131,0,X
초코텍)초코멜로볼50g,0.017252820172528202,0.0003352032534374031,0,X
미스티)사브레버터쿠키80g,0.0809555408095554,0.013007455149836134,1,X
농심)누들핏마라탄탄,0.027206370272063702,0.002119866862425809,0,X
PB)버터쿠키230g,0.030524220305242204,0.0010891274144521825,0,O
해태)에이스샌드우유크림51g,0.051758460517584606,0.004510071802003813,1,X
오리온)코코멜론알맹이81g,0.0364963503649635,0.0006772031122609437,0,X
농심)클레오파트라솔트앤김50g,0.055739880557398806,0.0045218943753835665,1,X
앙리마티스)와인볼쇼비뇽블랑500ml캔,0.023888520238885203,0.0026227102280561394,0,X
PB)직화뼈없는불닭발200g,0.013934970139349702,0.0030115048732920484,0,O
PB)이봉원의봉짬뽕224g,0.014598540145985401,0.0014118132309499751,0,O
오리온)초코칩쿠키제주말차라떼104g,0.010617120106171201,0.00033324687941813737,0,X
총동원)통그릴참치핫도그,0.025215660252156602,0.003643617760520586,0,X
한도초과)고민할필요없는도시락,0.0245520902455209,0.003713842655971905,0,O
드림)훈와리군고구마27g,0.026542800265428004,0.002600321184071722,0,X
피치)트위젤바나나모양젤리50g,0.025879230258792303,0.001984300298227557,0,X
훈스)후랑크소시지빵150g,0.013271400132714002,0.0005846698883329877,0,X
롯데)더블치킨버거,0.027869940278699403,0.0016926845869825995,0,X
대림)안심닭가슴살(마일드)100g,0.015262110152621102,0.0016387388745350369,0,X
대림)스노우크랩킹140g ,0.0225613802256138,0.002209416869784794,0,X
롯데)NEW갈비맛닭강정,0.019907100199071003,0.0023383075045922018,0,X
델토리)스웨디시스타일초코홀릭47g,0.014598540145985401,0.00017489207060830884,0,X
서주)마로마로레몬맛40g,0.047113470471134705,0.0018900908354826647,0,X
칠성)핫식스더프로파인애플355ml,0.0026542800265428003,0.00013301684361685648,0,X
칠성)핫식스더킹애플홀릭355ml,0.0033178500331785005,0.00021220300142119224,0,X
마즈)스키틀즈젤리(후르츠믹스),0.0630391506303915,0.004367497619023587,1,X
나무)점핑롱젤리80g,0.0165892501658925,0.0003569078867946651,0,X
그린)불닭콘치즈퐁듀삼각,0.017916390179163903,0.0014768388521966605,0,X
2산리오)인형키링기획,0.0053085600530856005,0.0027090949324175793,0,X
2산리오)키캡키링기획(쿠로미),0.0006635700066357001,0.0,0,X
그린)참치김치볶음밥김밥,0.0112806901128069,0.0018943351845624704,0,X
페르)앱솔루트라즈베리375ml,0.0013271400132714001,4.1642756161490186e-05,0,X
롯데)베이컨맥앤치즈버거,0.027869940278699403,0.0008586270276469842,0,X
G)슈가버터샌드트리10입,0.019907100199071003,0.0005651755620516087,0,X
농심)와사비새우깡70g,0.07365627073656271,0.008900667149980168,1,X
씨드)리얼닭가슴살칩오리지널30g,0.0033178500331785005,7.491716027062632e-05,0,X
삼립)NEW슈퍼슈프림치즈부리또120g,0.019243530192435302,0.00151904498987381,0,X
대림)스노우크랩킹버터갈릭140g ,0.0165892501658925,0.001980712416450774,0,X
PB)제트콘90g,0.035169210351692105,0.003652595292089501,1,O
세븐브로이)하이볼에빠진피치500ml캔,0.008626410086264101,4.535554807987119e-05,0,X
롯데)빈츠고창꿀고구마102g,0.030524220305242204,0.0008441413203353959,0,X
빙그레)닥터캡슐복숭아130ml,0.021897810218978103,0.0033721744175580306,0,X
서주)초코멜로젤리36g,0.012607830126078301,5.8458847457835666e-05,0,X
G)치로루초코솔티바닐라33g,0.05308560053085601,0.0030831592931316897,0,X
롯데)가나헤이즐넛케이크80g,0.0159256801592568,0.0015377016396094711,0,X
에이스)아리고스티나코코아헤이즐넛크림37g,0.010617120106171201,0.0003543865844256353,0,X
그린)더커진짜계치삼각김밥,0.0072992700729927005,0.0005722627374348856,0,X
롯데)미미미누숯불치킨판독기삼각,0.012607830126078301,0.0009954417796142487,0,X
삼립)개굴닌자밀키소다롤85g,0.008626410086264101,0.0007268416315812258,0,X
삼립)포켓피스화이트초코미니샌드76g,0.0053085600530856005,0.00014335972936631406,0,X
해태)생생감자칩랍스터맛85g,0.0325149303251493,0.0026472761520897996,0,X
그린)럭히밥떡볶이김밥,0.019243530192435302,0.003410624141439544,0,X
PB)K리그슛!꿀호떡빵97g,0.017916390179163903,0.0011804156385551916,0,O
글로브)밀크쌀과자우유맛56g(미니),0.047777040477770406,0.0020704175840278055,0,X
쿡인페이퍼)즉석진라면매운맛,0.017916390179163903,0.0021947519125671312,0,X
CJ)맥스봉구운풍미마늘후랑크80g,0.026542800265428004,0.0024668950848398753,0,X
CJ)맥스봉고소한치즈후랑크65g,0.013271400132714002,0.003064376738190961,0,X
팔도)볼케이노까르보나라큰컵,0.015262110152621102,0.00076196046326992,0,X
MDS)매콤&로제반반떡볶이200g,0.023224950232249502,0.0028933743984955293,0,X
"삼립)1,900토마토피자브레드110g",0.0092899800928998,0.0009781768455423222,0,X
PB)수건모양초코마시멜로100g,0.0159256801592568,0.0014730928871913864,0,O
에이스)브릭벽돌초콜릿50g,0.023224950232249502,0.0006638104895118927,0,X
그린)새우튀김김밥,0.046449900464499004,0.0038558954557236006,1,X
하림)오늘단백초코라떼250ml,0.0053085600530856005,0.00021158310323592244,0,X
해태)자가비밀크쉐이크맛45g,0.10882548108825481,0.020564541746310495,1,X
동아)얼박사355ml,0.017252820172528202,0.0032987461433628125,0,X
삼립)소보루꿀호떡90g,0.0039814200398142,1.58003892922732e-05,0,X
카브루)리얼자몽하이볼355ml캔,0.023888520238885203,0.0036311898363610875,0,X
MDS)젤리블리제로애플샤인60g,0.029860650298606503,0.004174960388716437,0,X
삼립)주종발효카스타드크림빵105g,0.047113470471134705,0.004800751635223896,1,X
롯데)조이베지5바질솔트맛50g,0.054412740544127404,0.006413944365345917,1,X
롯데)베이컨크리미불닭삼각,0.019907100199071003,0.0015693067608595953,0,X
G)마루짱모찌우동109g,0.054412740544127404,0.009633335168444557,1,X
그린)K불고기버거,0.019907100199071003,0.0007247342803772157,0,X
매일)피크닉천도복숭아240ml,0.0013271400132714001,6.761078217070115e-06,0,X
CJ)비비고떡볶이로제108g,0.0046449900464499,0.000764642650226466,0,X
삼립)오븐구운도넛200g(5입),0.006635700066357001,0.0003112766770678493,0,X
삼립)따라큐의쿠앤크팡팡80g,0.027206370272063702,0.00177157918862412,0,X
PB)이정후파스퇴르밀크파운드60g,0.0165892501658925,0.0006557744434473739,0,O
매일)원데이헤이즐넛190ml,0.0019907100199071,4.644279967650492e-05,0,X
스위트)부르봉 페투치니(프루티맛)47g,0.055739880557398806,0.0031936096695667814,0,X
티니핑)하츄핑의크림케익스트로베리90g,0.005972130059721301,1.6347722350470388e-05,0,X
티니핑)반짝핑의카스타드슈크림빵95g,0.0092899800928998,0.00012632933309497153,0,X
스위트)트롤리블루옥토퍼스100g,0.0245520902455209,0.00017038894971607363,0,X
비달)스위트케이크모양젤리66g,0.029860650298606503,0.0007396330140611002,0,X
스위트)트롤리핑구미100g,0.0371599203715992,0.0008169228580180204,0,X
서주)젤리인젤리콜라사이다맛40g,0.046449900464499004,0.002006473594872244,0,X
총동원)고추참치김치유부초밥,0.0165892501658925,0.0007432511418475061,0,X
초코텍)메론멜로볼50g,0.017252820172528202,0.00046699633846374787,0,X
크라운)화이트하임49g,0.034505640345056404,0.0014562830468231483,0,X
오뚜기)불오징어볶음면큰컵,0.0325149303251493,0.0035577498960467154,0,X
피치)스퀴즈팝구미포도맛72g,0.0039814200398142,2.9194340073550516e-05,0,X
일신)바주카쥬시드롭구미57g,0.0046449900464499,0.00012735511402953733,0,X
훼밀리)마칩어니언맛29g,0.043795620437956206,0.002257833086318389,0,X
PB)젤리초코볼오렌지42g,0.0418049104180491,0.0012416254984761131,0,O
G)컨트리맘딸기초콜릿12입,0.017916390179163903,0.0028261304485292806,0,X
로투스)비스코프37.5g,0.0039814200398142,8.327561378780048e-05,0,X
오리온)마이구미자몽허니블랙티97g,0.0318513603185136,0.0004138831701752852,0,X
담터)피카츄콤부차젤리믹스50g,0.042468480424684804,0.002281187165112906,0,X
PB)New브리오슈단팥빵125g,0.034505640345056404,0.006278939509888581,1,O
KBO)한화이글스핫투움바브레드90g,0.013271400132714002,0.00034773743955202144,0,O
KBO)간장치킨볼100g,0.009953550099535502,4.662927944788225e-05,0,O
매일)멸균초코200ml,0.0092899800928998,0.0010523100561537506,0,X
오리온)무뚝뚝감자칩올리브앤솔트52g,0.06702057067020571,0.006655602529281675,1,X
오뚜기)찍어먹는뿌셔뿌셔구운양파맛90g,0.025879230258792303,0.0017631939339848661,0,X
오리온)오뜨애플파이(6입),0.009953550099535502,3.0713997302063424e-05,0,X
크라운)비엔나야채타임60g,0.08029197080291971,0.009255925408206713,1,X
청정)페스츄리오징어150g,0.0046449900464499,0.00012655512853890606,0,X
롯데)마가렛트고창꿀고구마176g,0.023224950232249502,0.0006095132407110958,0,X
그린)트러플머쉬룸비프버거,0.027869940278699403,0.0005791980612204962,0,X
롯데)빼빼로말차37g(청수당),0.04445919044459191,0.021579721222697086,1,X
롯데)모둠초밥정식,0.013271400132714002,0.0012153937538297035,0,X
롯데)매콤진미채삼각김밥,0.033178500331785,0.0015332330738328692,0,X
롯데)매콤어묵듬뿍김밥,0.039150630391506305,0.003105980229264198,0,X
마즈)스니커즈스트로베리40g,0.033178500331785,0.0026391616537299652,0,X
하리보)골드배렌펀에디션80g,0.039150630391506305,0.0023868097372086805,0,X
농심)농심라면큰컵,0.050431320504313204,0.0054436504258723725,1,X
키다리)소고기쌀국수큰컵,0.0165892501658925,0.000601296709734662,0,X
G)스틱휘낭시에치즈39g,0.026542800265428004,0.002997236038030786,0,X
제이탑)우유구겔호프50g,0.0159256801592568,0.0017472013400106037,0,X
롯데)빈츠프리미어말차102g,0.07697412076974121,0.019293074660688227,1,X
딸기키티)베리롤케익85g,0.013934970139349702,0.00032682625183257883,0,X
롯데)트러플촉촉함박도시락,0.0205706702057067,0.0015530885582791228,0,X
롯데)맛장우맛자랑 로스트치킨,0.017916390179163903,0.001166601313991812,0,X
롯데)에그마요묵은지김밥,0.0418049104180491,0.0022779149915418545,0,X
3롯데)산리오3입기획,0.0112806901128069,0.009827179274915072,0,X
롯데)빼빼로편지지3입,0.005972130059721301,1.5393637983570223e-06,0,X
제이탑)큐브쫀득쿠키(후르츠)50g,0.027869940278699403,0.004129688955981736,0,X
G)치로루초코커피젤리42g,0.054412740544127404,0.005108160894117634,1,X
이정후)치즈독,0.0245520902455209,0.002815033439830275,0,X
동화)배러레스트120ml,0.009953550099535502,0.003849194702577644,0,X
초코텍)퍼지초코100g,0.027869940278699403,0.0007321004701319148,0,X
오리온)눈을감자칠리치즈프라이즈,0.0318513603185136,0.0024578318958438927,0,X
G)잭슨스고구마칩씨솔트28g,0.021897810218978103,0.001477463458243272,0,X
롯데)생초코파이59g(냉장),0.021897810218978103,0.0019229442768410397,0,X
롯데)프리미엄가나레몬치즈타르트,0.017252820172528202,0.00023327814448656522,0,X
G)LOOK초콜릿딸기복숭아46g,0.05308560053085601,0.003876882089210774,1,X
삼립)미각초코크림소라빵80g,0.0364963503649635,0.0017573422206346655,0,X
롯데)제주흑돼지불백도시락,0.0205706702057067,0.0009172976309586964,0,X
6스위트)알포트미니사브레초콜릿50g,0.0092899800928998,0.0001353363699587422,0,X
일신)캇예스베러버니75g,0.025215660252156602,0.003693912286725073,0,X
풀무원)고소하고부드럽게구운란75g,0.0092899800928998,0.00017422044739420957,0,X
스위트)알포트카카오사브레52g,0.0418049104180491,0.009165368035617811,1,X
훼밀리)복숭아무케루푸루푸루구미40g,0.051758460517584606,0.002151004065605741,0,X
나무)워헤즈젤리빈45g,0.027206370272063702,0.00026672469223516375,0,X
시원)치즈의장난65g,0.017916390179163903,0.0009559540048606411,0,X
오리온)마켓오브라우니바이트,0.013934970139349702,0.000546882530085826,0,X
롯데)인가샌드위치,0.0205706702057067,0.00446612676118173,0,X
롯데)최강록의로스팜에그샌드,0.012607830126078301,0.0009365602741920815,0,X
미정)미정당스팸로제납작당면338g,0.0185799601857996,0.0011039065841001677,0,X
롯데)크리미불닭김밥,0.0245520902455209,0.0018871373076717948,0,X
오리온)포카칩버터감자맛60g,0.0378234903782349,0.0006642654902982916,0,X
농심)비29카레맛55g,0.0497677504976775,0.0028032397571766303,0,X
마즈)스키틀즈젤리(후르츠요거트향),0.06436629064366291,0.005057885238199228,1,X
롯데)짱셔요스위티자몽46g,0.0404777704047777,0.0032971356276679737,0,X
나무)드럼스틱모양젤리(딸기&밀크)50g,0.017916390179163903,0.00010395124763754435,0,X
PB)젤리초코볼샤인머스켓42g,0.059721300597213006,0.0048926859130188766,1,O
제스트)도쿄브레드교토우지말차빵,0.0318513603185136,0.0032808249650785695,0,X
롯데)뽀드득통소시지김밥,0.0112806901128069,0.002150245341735802,0,X
한도초과)폭풍햄가득참치김밥,0.029197080291970802,0.0036685369044992247,0,O
동화)배러애사비120ml,0.0159256801592568,0.004058539245058662,0,X
동원)그릴리직화닭꼬치볼케이노75g,0.005972130059721301,7.370395228711209e-05,0,X
이정후)포크바베큐플래터도시락,0.010617120106171201,0.0002798298243119581,0,X
코주부)소고기육포튀김50g,0.0079628400796284,0.0006061184190293065,0,X
크라운)츄러스애플시나몬84g,0.051094890510948905,0.0023953942259176053,0,X
삼진)1953어묵순살바80g(매운맛),0.017916390179163903,0.0011936671544148848,0,X
MDS)청양크림파스타230g,0.039150630391506305,0.00562522795421287,1,X
PB)테디베어피스타치오라떼250ml,0.009953550099535502,0.0006407711730461712,0,O
딸기키티)쫀득모찌파이(딸기향)50g,0.0185799601857996,0.0010887876745640452,0,X
롯데)치폴레치킨삼각,0.023224950232249502,0.0010227530829512162,0,X
KBO)롯데자이언츠바다샌드크림빵96g,0.023888520238885203,0.0017414464586682384,0,O
삼립)끼리크림치즈초당옥수수호떡90g,0.0205706702057067,0.001359328170622701,0,X
동원)어단백피쉬프로틴바두부70g,0.017252820172528202,0.0013062609901126785,0,X
오뚜기)고단백컵누들매콤로제,0.026542800265428004,0.002656597320277621,0,X
PB)허니버터&솔티카라멜팝콘75g,0.025215660252156602,0.0003308785278535219,0,O
삼립)땅콩보름달85g,0.026542800265428004,0.002488218169669047,0,X
삼립)탕종상큼딸기샌드95g,0.0378234903782349,0.003999202556166179,1,X
쿡인페이퍼)진라면약간매운맛,0.014598540145985401,0.00011093352775539337,0,X
광천)소문난광천김15g,0.010617120106171201,0.0008744263313049218,0,X
쿡인페이퍼)즉석진짬뽕,0.014598540145985401,0.00012056265252274062,0,X
KBO)양념치킨볼100g,0.015262110152621102,0.001093098396688492,0,O
맛제일)남도떡갈비삼각,0.029197080291970802,0.0008289068452885676,0,X
그린)백묵은지참치유부말이,0.021234240212342402,0.0006839486229422182,0,X
롯데)초코빼빼로54g(테디베어),0.0418049104180491,0.02497282117743347,1,X
오뚜기)보들보들치즈볶음면매운맛,0.014598540145985401,0.0012109661251239385,0,X
롯데)미노리키친미소가츠동,0.019243530192435302,0.0035402508128355354,0,X
드림)프란찌딸기크림쿠키58g,0.04445919044459191,0.0020676505291386013,0,X
천하)구카솔티커피누가크래커100g,0.031187790311877902,0.001344523923650084,0,X
드림)마치사과같은젤리53g,0.030524220305242204,0.002471715872506042,0,X
선우)이름찾기초콜릿48g	,0.006635700066357001,0.0012679037557285732,0,X
롯데)이지프로틴아르기닌(자몽)150g,0.019907100199071003,0.003756272853265262,0,X
크라운)쟈키쟈키70G,0.0404777704047777,0.005890797541293007,1,X
크라운)카라멜콘땅콩(대)150g,0.0185799601857996,0.00011376555382973195,0,X
한도초과)아삭아삭햄야채샌드,0.0451227604512276,0.004917361955848234,1,O
오리온)초코송이4P,0.025215660252156602,0.0003548005813270513,0,X
투데이)스위즐스드럼스틱버블검 100g,0.023888520238885203,0.0003042382923013371,0,X
G)킨더카드128g(5입),0.0019907100199071,0.0,0,X
쿡인페이퍼)즉석안성탕면,0.0185799601857996,0.000831243486968967,0,X
쿡인페이퍼)즉석불닭볶음면,0.010617120106171201,9.939471300077635e-06,0,X
롯데)빼빼로인절미팥빙수맛37g,0.0371599203715992,0.002516107225754954,0,X
PB)솔티스위트팝콘80g,0.029197080291970802,0.0018850546045014,0,O
PB)계란쿠키100g,0.030524220305242204,0.0014121755989171976,0,O
삼립)포켓피스쫀득초코쌍둥이70g,0.006635700066357001,0.0003238699698508713,0,X
롯데)제크마일드로스티드갈릭100g,0.023888520238885203,0.0003092411110808957,0,X
딸기키티)딸기샌드위치,0.046449900464499004,0.006194187622822932,1,X
그린)맛장우맛자랑 반반제육,0.012607830126078301,0.000861246043218594,0,X
매크로)레이즈트러플50g,0.06436629064366291,0.004290291779328583,1,X
피치)곤충모양젤리13g,0.0046449900464499,9.136306462557471e-06,0,X
롯데)치폴레치킨김밥,0.0245520902455209,0.00030003794047259283,0,X
PB)자이언츠새로온팅클메론맛60g,0.042468480424684804,0.0032287416230804013,0,O
칠성)오트몬드프로틴초코250ml,0.005972130059721301,6.172422044879875e-05,0,X
PB)이정후프로틴바닐라330ml,0.013271400132714002,0.0017811532868197294,0,O
초코텍)메론페스츄리파이70g,0.017916390179163903,0.0010616010136875746,0,X
그린)반반제육&쏘야도시락,0.012607830126078301,0.0007621147983792308,0,X
삼립)카이막크림치즈점보롤225g,0.0185799601857996,0.0023391509303160576,0,X
롯데)프리미엄가나베리무스케익,0.013934970139349702,0.00012180723053394216,0,X
몽뜨)동결건조사우어벨트40g,0.0225613802256138,0.0002773931395269327,0,X
그린)럭히밥더커진떡볶이삼각,0.0079628400796284,0.0004492293788769146,0,X
롯데)미미미누맵부심판독기삼각,0.015262110152621102,0.0018355387071879751,0,X
매크로)레이즈씨위드(김맛)50g,0.06901128069011281,0.009883942208470815,1,X
지지푸드)XXL치킨불고기피자190g,0.014598540145985401,0.0011472203887961624,0,X
그린)디지게매운통치킨버거(양념맛),0.021897810218978103,0.0005758835709213306,0,X
MQ)켈로그레드베리에너지바35g,0.017252820172528202,0.0009749788575180576,0,X
롯데)NEW참치마요네즈삼각,0.0205706702057067,0.00571189320864474,0,X
좀비딸)애용이애플&치즈냥샌드,0.0245520902455209,0.00583265137111771,0,X
그린)치킨텐더샌드,0.025215660252156602,0.0010267486662589684,0,X
CJ)비비고왕교자315g,0.0053085600530856005,0.0023515886825531103,0,X
롯데)식사이론 치킨타르타르삼각,0.017916390179163903,0.0015934347552052585,0,X
삼립)잭슨바질피자호떡90g,0.017252820172528202,0.0006297896522208822,0,X
프로엠)키티인형키링(단품),0.0026542800265428003,0.004920816622913346,0,X
한도초과)의성마늘햄&고추장불고기,0.019243530192435302,0.00073901109382712,0,O
롯데)더블양념치킨버거,0.034505640345056404,0.0018865441408350183,0,X
오리온)찍먹예감갈릭청양마요소스76g,0.07830126078301261,0.0101795671777137,1,X
엔제이)스위트코코수박맛120ml,0.0053085600530856005,0.00021084190331184833,0,X
롯데)꿀고구마패스트리90g,0.04445919044459191,0.005892467506945774,1,X
BIG체다모짜치즈스틱,0.006635700066357001,0.0007839641685978455,0,X
롯데)불닭토스트,0.0159256801592568,0.00043053661886347335,0,X
벽돌모양레드벨벳케이크90g,0.025879230258792303,0.0036641547741952277,0,X
청우)팬케이크65g,0.027869940278699403,0.0025391865071480585,0,X
그린)디지게매운등심돈까스(디진다맛),0.026542800265428004,0.0006990782820980168,0,X
여리수)라멘뽀식이90g,0.0205706702057067,0.002011878393166188,0,X
삼립)허쉬바나나크림카스테라100g,0.0053085600530856005,0.00042631072420056573,0,X
자임)콜라겐젤리복숭아130g,0.019907100199071003,0.0015962821696546253,0,X
칠성)솔의눈제로500ml,0.0053085600530856005,0.0003679328805364295,0,X
농심)포테토칩K양념치킨맛50g,0.05640345056403451,0.007210717694219181,1,X
삼립)허쉬딥초코머핀100g,0.0053085600530856005,3.7370925422285863e-05,0,X
오리온)포카칩매콤치즈감자맛60g,0.0318513603185136,0.00036475839301098494,0,X
엔제이)타쿠미야사과타르트144g,0.0033178500331785005,1.3515371256267084e-06,0,X
엔제이)훗카이도멜론딸기랑그드샤100g,0.0033178500331785005,0.0008595476856622894,0,X
1테디베어)빼빼로8입기획,0.0092899800928998,8.531105466724665e-05,0,X
KBO)홈런배트롤150g,0.012607830126078301,0.0007124183438627542,0,O
롯데)카스타드고창꿀고구마210g,0.014598540145985401,0.0007222375718522637,0,X
해태)에이스플랫화이트맛121g,0.0338420703384207,0.0013868979710111294,0,X
PB)바밤바버터케익바75g,0.012607830126078301,0.00163956636601106,0,O
오뚜기)컵누들참깨라면소컵,0.0092899800928998,0.002028938858248264,0,X
롯데)칠리불새버거,0.027869940278699403,0.0032417076877499966,0,X
삼립)아메리칸베이컨체다버거,0.034505640345056404,0.0033234501662702345,0,X
자임)콜라겐젤리청포도130g,0.021897810218978103,0.0026980674132235883,0,X
동원)양반흑미밥130g,0.0159256801592568,0.0009136236050167112,0,X
농심)클레오파트라솔트앤와사비50g,0.06038487060384871,0.0024997316837667275,0,X
쿡인페이퍼)즉석라면용기,0.0013271400132714001,0.0,0,X
삼립)커스타드보름달88g,0.025879230258792303,0.0009137104596884184,0,X
딸기키티)초코베리모찌롤,0.013934970139349702,0.0007622946338216213,0,X
서울)올데이프룻매실제로250ml,0.0046449900464499,0.00036856439314401066,0,X
풍림)뵈르뵈르초코딥무스푸딩90g,0.0165892501658925,0.0009485853355518596,0,X
PKJ)블루베리푸딩100g,0.012607830126078301,0.0008244113700100448,0,X
롯데)케이준치킨&햄샌드,0.0072992700729927005,0.0005543515525904006,0,X
롯데)제육치즈독,0.005972130059721301,0.0025249991283179027,0,X
세븐브로이)요하볼(요구르트하이볼)500ml캔,0.04445919044459191,0.008945028045147001,1,X
삼립)NEW상하이스파이시버거,0.029860650298606503,0.0018009650237521835,0,X
그린)오색찬란풍성한상도시락,0.0185799601857996,0.001196867839655234,0,X
K리그)슛!더비라면,0.034505640345056404,0.004792279114537291,1,X
그린)스팸계란마요삼각,0.0046449900464499,0.00013476846607755224,0,X
스위트)알포트미니메론초콜릿60g,0.0318513603185136,0.0028937280277473616,0,X
요즘)스트로베리콩포트그릭요거트130g,0.026542800265428004,0.0019786042344525504,0,X
G)아모스4D베리믹스구미56g,0.026542800265428004,0.0015685762930399121,0,X
G)아모스4D드레스업구미56g,0.017252820172528202,0.000610931876902265,0,X
서주)젤리의연금술42g,0.0033178500331785005,3.5104053102357766e-07,0,X
PKJ)에그푸딩100g,0.0318513603185136,0.0026586437845281413,0,X
KBO)롯데자이언츠씨앗호떡빵97g,0.021897810218978103,0.00176198206071319,0,O
PB)자이언츠육각꼬깔콘군옥수수맛134g,0.015262110152621102,0.0009938620084435715,0,O
삼립)미각우유연유카스테라롤128g,0.038487060384870604,0.0035355079213537782,0,X
드림)시크릿주토피아2,0.009953550099535502,0.0004490463390950124,0,X
오리온)포카칩트리플페퍼60g,0.039150630391506305,0.0022729118788798446,0,X
G)치로루초코인절미모찌35g,0.026542800265428004,0.0009851286467759365,0,X
삼립)제로닭닭가슴살볼마늘간장120g,0.027869940278699403,0.006016553907669728,0,X
MQ)프링글스오리지널70g,0.013934970139349702,5.926689097003887e-05,0,X
삼립)꿀호떡버거,0.013934970139349702,0.0009708270088662827,0,X
엔제이)스위트코코멜론맛120ml,0.0039814200398142,3.2529667028539877e-06,0,X
롯데)롯샌멜론105g,0.0776376907763769,0.006587395975727617,1,X
2산리오)담요기획(헬로키티),0.0019907100199071,2.266033033474217e-06,0,X
2산리오)손잡이텀블러기획(헬로키티),0.0013271400132714001,4.9396656952873936e-05,0,X
롯데)화이트쿠키8갑(티니핑25년),0.0079628400796284,2.845056713154791e-05,0,X
동화)배러푸룬120ml,0.0112806901128069,0.002029190566496965,0,X
콕콕콕)더커진스파게티삼각,0.027869940278699403,0.002344171401218778,0,X
G)차바코코넛스무디310ml,0.0165892501658925,0.0021368892440593373,0,X
제스트)도쿄브레드까망베르치즈빵,0.023224950232249502,0.0023264696382373105,0,X
3테디베어)빼빼로4입기획,0.017916390179163903,0.0005564279578566366,0,X
프로엠)테디베어인형(단품),0.0033178500331785005,9.973288806349288e-07,0,X
오리온)핵아이셔젤리깔라만시맛72g,0.0225613802256138,0.0005811855738169807,0,X
엔제이)바움쿠헨밀크50g,0.021897810218978103,0.0015287118523178618,0,X
고운벗)스노우생초코레트말차맛32g,0.042468480424684804,0.005266233938610403,1,X
하늘)브라우니약과60g,0.017252820172528202,0.0006110348890893386,0,X
삼립)피카츄바닐라롤85g,0.006635700066357001,0.0006309505632259272,0,X
글로브)밀크쌀과자메론맛56g(미니),0.0637027206370272,0.012047576860106548,1,X
대림)안심닭가슴살(블랙페퍼)100g,0.0185799601857996,0.0006341401478859515,0,X
하림)오늘단백카라멜라떼250ml,0.0079628400796284,0.0005042308734101464,0,X
삼립)메가불고기스파이시버거,0.0318513603185136,0.0015076671785631901,0,X
부창제과)우유니소금크림치즈베이글160g,0.019907100199071003,0.0014501356509979471,0,X
삼립)빚은제주쑥대박찹쌀떡95g,0.0185799601857996,0.0015917690225719582,0,X
해태)오예스요것이그릭습니다,0.013934970139349702,0.00010726828665820386,0,X
롯데)파스퇴르우유푸딩135g,0.0325149303251493,0.0049119010437629635,0,X
롯데)빠다코코낫로스티드갈릭버터100g,0.023224950232249502,0.000112615963574609,0,X
피치)슬라이스구미80g,0.026542800265428004,0.00023319672381706875,0,X
삼립)프로H.곡물단팥빵105g,0.019907100199071003,0.0008674505375977156,0,X
오리온)마켓오구운김톡80G,0.035832780358327807,0.0030662111164401636,0,X
사조)육식맨커리부어스트80g,0.0046449900464499,3.585363349562204e-05,0,X
그린)스팸김치볶음김밥,0.017916390179163903,0.0008844148277867725,0,X
엔제이)후루츄(망고맛)90g,0.0245520902455209,0.0029342475114608356,0,X
컵스)팝콘치킨,0.0053085600530856005,0.0007794646412357048,0,X
사세)매콤통살꼬치,0.0046449900464499,6.471814236653047e-05,0,X
롯데)더커진묵은지참치마요,0.0338420703384207,0.0020694588610330415,0,X
롯데)2분삼겹김치찌개,0.017252820172528202,0.00024132080825641067,0,X
CJ)비비고볶은김치80g,0.025215660252156602,0.005064989995275986,0,X
농심)누룽지팝4입,0.0637027206370272,0.008021233421812053,1,X
농심)누룽지팝(낱개),0.0046449900464499,0.00013677140654470553,0,X
PB)미니뻥튀기45g,0.0039814200398142,0.00013891480498417192,0,O
굿지앤)오마카세직화불껍데기160g,0.0039814200398142,0.00036416117823840776,0,X
삼립)제로닭닭가슴살볼양념치킨120g,0.028533510285335104,0.0034857372369174297,0,X
삼립)피자호빵100g(1입),0.027869940278699403,0.00193424254653365,0,X
딸기키티)베리베리마카롱75g,0.017916390179163903,0.0010509289608559306,0,X
스위트)부르봉랑드샤메론16입,0.0033178500331785005,1.8614328792581e-05,0,X
삼립)복숭아주머니90g,0.0013271400132714001,0.0,0,X
드림)훈와리메이진벚꽃모찌26g,0.043132050431320505,0.0015940805586189713,0,X
서주)헬로키티사과젤리43g,0.025879230258792303,0.00048169688443138316,0,X
덴마크)생크림요거트150g,0.011944260119442602,0.0012269863472951451,0,X
오뚜기)WOW새우진짬뽕컵,0.0378234903782349,0.00551153634222086,1,X
맛제일)오리불고기&왕교자도시락,0.0205706702057067,0.0009045999388922168,0,X
CJ)쁘띠첼과일젤리포도90g,0.009953550099535502,0.0005008147662399789,0,X
MDS)까르보김치볶음밥200g,0.029197080291970802,0.0061839481152955195,0,X
KBO)기아타이거즈호랑이초코롤85g,0.013271400132714002,6.612426519492276e-05,0,O
KBO)두산베어스곰발바닥꿀빵95g,0.014598540145985401,0.0003531532798870309,0,O
삼립)프로H.호두휘낭시에43g,0.0026542800265428003,6.27186957095695e-06,0,X
삼립)시그니처파운드170g,0.015262110152621102,0.003207598466113064,0,X
이정후)멘치카츠&미트홈런볼,0.027206370272063702,0.0019238324374255414,0,X
크라운)카라멜콘메이플(대)154g,0.010617120106171201,8.438129032716731e-05,0,X
산토리)짐빔하이볼플레인350ml캔,0.0165892501658925,0.0052408483239267546,0,X
오뚜기)카레크리스피롤약간매운맛55g,0.0617120106171201,0.006719098224099074,1,X
미성)스톤초콜릿30g	,0.014598540145985401,0.0016455982943559466,0,X
롯데)리얼소프트에그샌드,0.0046449900464499,0.0003672627621056723,0,X
롯데)식사이론 넛츠포테이토샌드,0.012607830126078301,0.0007035172044390818,0,X
미루)초코포키20g,0.0159256801592568,0.0026873011795356225,0,X
에이스)시트러스레몬젤리64g,0.0245520902455209,0.00043281583734342395,0,X
PB)K리그슛!허니카라멜팝콘75g,0.027869940278699403,0.0016358586873678846,0,O
남양)아침에우유900ml,0.0039814200398142,0.0001128345862196084,0,X
서울)후레쉬우유900ml,0.0079628400796284,0.0008220952320883575,0,X
에이스)마하차녹망고젤리64g,0.028533510285335104,0.0004234713109675309,0,X
그린)불닭콘참치유부초밥,0.015262110152621102,0.0006359208878345514,0,X
하늘)틴비스133g,0.0185799601857996,0.00010387480857349503,0,X
하늘)틴비스피넛133g,0.015262110152621102,5.456810824315195e-05,0,X
언노운)레밍턴700ml,0.0026542800265428003,0.0001561421533990468,0,X
여리수)쇼핑백세트(소),0.0026542800265428003,0.0036936967899250154,0,X
여리수)하리보기프트5입,0.0013271400132714001,0.0,0,X
삼양)까르보불닭납작당면,0.017916390179163903,0.001675809460236511,0,X
PB)스팸김치덮밥332.2g,0.011944260119442602,0.00021470670342355725,0,O
그린)고소치킨마요덮밥,0.025215660252156602,0.0017608802026667597,0,X
롯데)조이베지5발사믹허브맛50g,0.042468480424684804,0.002322369053941026,0,X
그린)디지게매운치킨유부말이(양념맛),0.0159256801592568,0.00019890428147054348,0,X
삼립)와우골든텐더치킨샐러드123g,0.015262110152621102,0.0009972258722729735,0,X
롯데)포켓델리베지스틱,0.0159256801592568,0.0017956172546261125,0,X
엔제이)바움쿠헨메이플50g,0.023888520238885203,0.0023376492382761226,0,X
세븐카페)단팥가득만쥬23g,0.0072992700729927005,8.25197198217639e-05,0,X
롯데)뚠뚠치킨&에그샌드,0.015262110152621102,0.0007166910041501158,0,X
롯데)뚠뚠참치&에그샌드,0.011944260119442602,0.0005694626713146794,0,X
그린)소불고기삼각김밥,0.017252820172528202,0.0009403338700300101,0,X
한울)매운실비볶음김치80g,0.0092899800928998,8.624035882225275e-05,0,X
롯데)도리토스플레이밍핫70g,0.027206370272063702,0.000494860659612119,0,X
롯데)초코필드빼빼로53g(테디베어),0.0371599203715992,0.01931782113073011,1,X
선우)코아타초코웨이퍼52g,0.0079628400796284,0.00025602847453827434,0,X
시원)뻥이요100g,0.011944260119442602,0.000966911564662972,0,X
초코텍)제주벌꿀약과128g,0.0026542800265428003,0.0,0,X
초코텍)우도땅콩초코파이192g,0.0026542800265428003,0.0,0,X
삼립)주종발효완듀앙금소보루95g,0.031187790311877902,0.004351888310225054,0,X
오리온)멜론후레쉬베리8입,0.010617120106171201,0.00016402695805530854,0,X
KBO)KT위즈빅또리초코바닐라샌드60g,0.012607830126078301,2.4425903106358645e-05,0,O
MDS)젤리블리사과60g,0.0371599203715992,0.004098561546273273,1,X
훼밀리)마칩오리지널29g,0.0404777704047777,0.001134206568652973,0,X
삼립)25년듬뿍피자호빵(4입),0.0046449900464499,9.215753762595473e-05,0,X
KBO)돌직구딸기잼비스킷130g,0.013934970139349702,0.00020549513285082576,0,O
롯데)바른목장초코우유크림빵100g,0.011944260119442602,0.00016216428260671636,0,X
롯데)짱셔요깔라만시45g,0.030524220305242204,0.001131305884899791,0,X
스위트)부르봉알포트미니코이베리60g,0.0245520902455209,0.001845798931967781,0,X
딸기키티)딸기크림치즈패스츄리100g,0.027869940278699403,0.00239571038977027,0,X
삼립)프로H.통밀땅콩샌드(5입)100g,0.0225613802256138,0.0013064134708099518,0,X
CJ)비비고칩버터오징어40g,0.0185799601857996,0.0015961186469785167,0,X
롯데)미노리키친규동,0.027869940278699403,0.0032439295335912723,0,X
롯데)갈릭버터감자&소시지,0.0205706702057067,0.0007727921247550936,0,X
일동)하이뮨액티브바나나250ml,0.008626410086264101,0.0004645559112356103,0,X
시원)터프큐브젤리80g,0.014598540145985401,6.429978054088814e-05,0,X
롯데)아몬드초코볼말차46g(청수당),0.027869940278699403,0.000999276762286985,0,X
서울)커피타운헤이즐넛250ml,0.0092899800928998,0.0027309696090943463,0,X
PB)바닐라라떼320ml,0.0092899800928998,0.00012849624122709114,0,O
오뚜기)오즈키친직화유니짜장,0.0019907100199071,6.0815277666898534e-05,0,X
PB)커피블랙벤티600ml,0.005972130059721301,8.793162003784776e-05,0,O
PB)이정후애플패스츄리90g,0.035832780358327807,0.005188282528844328,1,O
동서)스타벅스시그니처밀크티325ml,0.0053085600530856005,0.0008698858635351278,0,X
PB)말차라떼250ml,0.0112806901128069,0.0007876677906848932,0,O
대림)불닭숯불구이맛후랑크70g,0.010617120106171201,0.00048712285497789874,0,X
롯데)필리치즈스테이크버거,0.017916390179163903,0.0020723397410888143,0,X
PB)카덴냉우동267g,0.005972130059721301,0.00025867839576226116,0,O
그린)명란마요삼각김밥,0.009953550099535502,0.0006694683250749792,0,X
삼립)프로H.우유샌드케익85g,0.017916390179163903,0.0009800289938067784,0,X
훈스)콘버터&소시지핫도그145g,0.006635700066357001,0.00015839828426591774,0,X
삼경)필러즈미스터리큐브46g,0.015262110152621102,0.0005380998955011417,0,X
롯데)리얼소프트햄&에그샌드,0.0026542800265428003,3.09215666112662e-05,0,X
롯데)삼겹살김치볶음밥삼각,0.011944260119442602,0.002056853809528086,0,X
연세)블루베리요거트300ml,0.0072992700729927005,0.00029044939655123453,0,X
해태)생생감자칩강원옥수수맛80g,0.035832780358327807,0.00240037519953297,0,X
PB)카페라떼320ml,0.0079628400796284,0.00014146820395657722,0,O
농심)린도볼밀크5P,0.0033178500331785005,7.53483342412308e-05,0,X
딸기키티)초코에빠진딸기60g,0.035832780358327807,0.006063128688261623,1,X
쿡인페이퍼)즉석너구리,0.019907100199071003,0.0005117945058141383,0,X
쿡인페이퍼)즉석맵탱마늘조개라면,0.0092899800928998,6.778731296717745e-08,0,X
그린)숲속의말차초코,0.015262110152621102,0.0007525796920311694,0,X
엠즈)39저당딸기크림롤105g,0.0072992700729927005,0.0013839202538170339,0,X
삼립)방앗간기정떡(우유)95g,0.0013271400132714001,1.5347294449851546e-06,0,X
오뚜기)순후추찐만두180g,0.005972130059721301,0.00011119225602087857,0,X
CJ)쁘띠첼과일젤리복숭아90g,0.012607830126078301,0.0005368564703154521,0,X
롯데)사천식마파두부덮밥,0.0079628400796284,0.00014910626708148492,0,X
CJ)비비고군만두315g,0.0033178500331785005,2.717822146426215e-05,0,X
CJ)비비고김치왕교자315g,0.0026542800265428003,0.00020237419676850862,0,X
투데이)탑프룻츠푸딩망고맛115g,0.0072992700729927005,8.917732123082748e-05,0,X
PB)톡톡콘샐러드110g,0.017252820172528202,0.0024207279316247293,0,O
삼립)옥수수카스테라95g,0.021234240212342402,0.00045984667330594537,0,X
★몽뜨)프리로망스미니하트,0.0013271400132714001,0.0012328478609340563,0,X
★몽뜨)프리로망스트윈하트,0.0026542800265428003,0.0024639332517309657,0,X
오뚜기)순후추팝콘50g,0.028533510285335104,0.0025712940875828394,0,X
SB)치폴레핫치킨샐러드도시락(한정),0.0019907100199071,8.559630595300558e-05,0,X
PB)장충동담백한편육265g,0.0046449900464499,0.0001990570383144247,0,O
G)치로루초코초코모찌35g,0.0338420703384207,0.004186152167423905,1,X
굿지앤)직화석쇠고추장불고기150g,0.0013271400132714001,0.0006013906622280826,0,X
딸기키티)딸기케이크팝30g,0.0185799601857996,0.002404985149501551,0,X
삼립)메타몽의커스터드롤케익85g,0.0185799601857996,0.0009961144631871071,0,X
오뚜기)컵누들짬뽕맛소컵,0.011944260119442602,0.0003615715867745283,0,X
삼립)끼리크림치즈보름달88g,0.0165892501658925,0.0006022390640805605,0,X
삼립)고라파덕의치즈데니쉬100g,0.014598540145985401,0.0013954068727921856,0,X
뚜또)코코포도210g,0.013271400132714002,0.0011108596414459472,0,X
그린)숯불치킨데리버거,0.025215660252156602,0.001646327031691938,0,X
총동원)그릴리직화소시지김밥,0.0185799601857996,0.0005212108157412367,0,X
유앤)말랑코코망고맛66ml,0.0092899800928998,0.0002547273738050106,0,X
엔제이)후루츄(딸기맛)90g,0.019243530192435302,0.0011094149683289118,0,X
PKJ)버섯모양사우어젤리50g,0.026542800265428004,0.0005726605478993452,0,X
위스트)마라곤약 마라맛,0.010617120106171201,0.00048597104736050644,0,X
자임)콜라겐젤리애사비130g,0.0245520902455209,0.0035359412810622506,0,X
SAMG)로열티니핑컬러팝콘45g,0.0112806901128069,0.000279318567615909,0,X
롯데)대만식딸기샌드,0.012607830126078301,0.0020408638270300794,0,X
삼립)주종발효초코크림소보루85g,0.029197080291970802,0.004276641315292329,0,X
삼립)추억의아시나요99g,0.019243530192435302,0.0005151669704675711,0,X
롯데)엄마손스윗버터갈릭127g,0.012607830126078301,1.0153095681869767e-05,0,X
CJ)비비고김치볶음150g,0.005972130059721301,0.00013374716597949895,0,X
롯데)크래미와사비캘리포니아롤,0.029860650298606503,0.0015982970252790025,0,X
롯데)치킨샐러드캘리포니아롤,0.025215660252156602,0.0007966690174642476,0,X
동원)그릴리직화닭꼬치데리야끼75g,0.0112806901128069,0.0006900654607468174,0,X
그린)디지게매운돈까스삼각(양념맛),0.0318513603185136,0.0013680939970321438,0,X
SAMG)하츄핑비스킷65g,0.0338420703384207,0.0035041367330918573,0,X
삼립)25년정통단팥호빵(4입),0.010617120106171201,0.003690036742173885,0,X
자이언츠)쌔리라빠지락라면,0.0364963503649635,0.006094071722800799,1,O
CJ)쁘띠첼과일젤리밀감90g,0.015262110152621102,0.0008485905154033117,0,X
삼립)허쉬아몬드초코와플68g,0.0072992700729927005,0.0003051061061849541,0,X
그린)팥떡궁합샌드,0.005972130059721301,0.00024016230994911727,0,X
팔도)뽀로로짜장컵,0.0046449900464499,1.8254738638362183e-05,0,X
삼립)미각초코카스테라롤128g,0.025879230258792303,0.0008835070189979356,0,X
팔도)남자라면큰컵,0.033178500331785,0.0012714554609795884,0,X
하림)직화갈비맛핫바65g,0.0079628400796284,0.0003714142432753238,0,X
이그니스)랩노쉬프로틴스트로베리350ml,0.0079628400796284,0.0006198103821975109,0,X
롯데)길리안템테이션오리지널(4입),0.0019907100199071,9.839020918840069e-07,0,X
매일)그릭드링크바나나190ml,0.006635700066357001,0.00032910997722512364,0,X
쿡인페이퍼)즉석참깨라면,0.0225613802256138,0.002872169371077181,0,X
간장닭강정세트,0.0053085600530856005,6.674760506204784e-05,0,X
삼양)푸팟퐁커리불닭볶음면큰컵,0.026542800265428004,0.0035347006302072874,0,X
하늘)충칭소면컵,0.0185799601857996,0.0023973475761380303,0,X
동원)개성한입쏙고기만두168g,0.006635700066357001,0.00022156820147953456,0,X
롯데)탱글쏘야&불고기도시락,0.0159256801592568,0.0007805847740299312,0,X
오뚜기)레드칠리미트볼180g,0.0013271400132714001,2.052644711411793e-05,0,X
오뚜기)육즙가득떡갈비180g,0.0013271400132714001,0.00036572025519844624,0,X
카브루)말차하이볼500ml캔,0.0338420703384207,0.0029676609619809693,0,X
무학)톡소다자몽허니블랙티하이볼500ml캔,0.0046449900464499,5.906235600741056e-06,0,X
골든)카발란싱글몰트드라이하이볼320ml캔,0.0033178500331785005,1.3620163173483527e-06,0,X
PB)디저트39솔티카라멜우유500ml,0.0072992700729927005,0.0004661162486536554,0,O
초코텍)퍼지딸기100g,0.0185799601857996,0.000278955684554461,0,X
콕콕콕)스파게티토스트,0.026542800265428004,0.0019236999004981366,0,X
제이탑)큐브쫀득쿠키(초코쿠키)50g,0.034505640345056404,0.009138077254574602,1,X
그린)닭가슴살몸짱버거,0.0072992700729927005,0.00040922557832071856,0,X
삼립)로만밀햄치즈에그머핀,0.019907100199071003,0.0015928407040948622,0,X
PB)말차딸기라떼250ml,0.014598540145985401,0.0006050931435907169,0,O
칠성)핫식스더프로애플망고355ml,0.0039814200398142,0.001796839183489768,0,X
MDS)스틱참치마요50g,0.008626410086264101,0.001207207519395948,0,X
롯데)최강록의소보로삼각,0.008626410086264101,0.0011004348798882976,0,X
프로엠)아몬드빼빼로하트4입,0.005972130059721301,1.6467816806406966e-05,0,X
PB)김맛나160g,0.023888520238885203,0.0018646384047721154,0,O
롯데)참치인가샌드위치,0.0039814200398142,0.0001852599074579963,0,X
롯데)스리라차치킨샌드,0.021234240212342402,0.002279879954087232,0,X
투데이)씬피넛버터샌드80g,0.015262110152621102,0.0004488927050062118,0,X
청정)오징어튀김120g,0.0046449900464499,1.7156863175268895e-05,0,X
CJ)햇반100%통곡물밥130g,0.012607830126078301,0.0004490708719196849,0,X
광천)소문난광천김5g,0.0039814200398142,0.0,0,X
해태)후렌치파이매실맛192g,0.030524220305242204,0.000775390331762289,0,X
롯데)아몬드빼빼로37g(테디베어),0.039814200398142006,0.01926532355956973,1,X
아띠)아톰초콜릿맛와퍼스틱60g,0.0072992700729927005,9.23579827863964e-05,0,X
네슬레)킷캣청키로투스,0.006635700066357001,0.00010904425508066684,0,X
3블루밍)미니뿌인형키링set_화이트,0.0006635700066357001,0.0,0,X
3블루밍)자석카드지갑set,0.0006635700066357001,0.0,0,X
MQ)프링글스양파맛70g,0.014598540145985401,0.00016779957311040115,0,X
CJ)1등급훈제대란2구,0.0072992700729927005,0.0001588981093823104,0,X
델토리)스웨디시스타일딸기홀릭47g,0.0205706702057067,0.0002575881664392614,0,X
그린)머쉬룸투움바비프버거,0.0185799601857996,0.0011923113560367426,0,X
로투스)비스코프트윈팩25g,0.008626410086264101,0.00038005257443719277,0,X
유앤)미니약과도넛18g,0.0033178500331785005,8.504187084858454e-06,0,X
G)스틱휘낭시에초콜릿39g,0.0245520902455209,0.0008926587404212562,0,X
그린)전주비빔듬뿍김밥,0.027206370272063702,0.0014621302467029893,0,X
PB)오징어얼라이브매콤볶음면,0.028533510285335104,0.0027266085626502547,0,O
하림)맛닭가슴살엽떡맛100g,0.029197080291970802,0.003822725244154963,0,X
써라클)베노프단백질바(청키초코)50g,0.013934970139349702,0.0006593625345576678,0,X
현대)더커진맛다시참치마요,0.0225613802256138,0.0017717808683507606,0,X
미정)얼음동동물비빔냉면242g,0.006635700066357001,0.00022971521544876594,0,X
롯데)마가렛트크림치즈갈릭176g,0.0165892501658925,2.7955529249663225e-05,0,X
삼립)풍미촉촉메론치즈케익100g,0.0165892501658925,0.0034065045271190345,0,X
풍림)집대성의바로먹는깐반숙란96g,0.017252820172528202,0.0015724773127038297,0,X
★미루)러브로즈부케,0.0039814200398142,0.001232847860934056,0,X
★미루)큐리티러브,0.0033178500331785005,0.0,0,X
시원)허니뻥이요90g,0.0072992700729927005,6.189642991375988e-05,0,X
이정후)치즈폭탄버거,0.027869940278699403,0.0012872050890116277,0,X
이정후)치즈폭탄토마토파스타,0.0072992700729927005,4.0765579255036536e-05,0,X
롯데)함박&부대볶음 5찬도시락,0.008626410086264101,0.0003873104157828002,0,X
삼립)메가불고기버터갈릭버거,0.009953550099535502,8.509032325529222e-05,0,X
투데이)무이티케이크마시멜로6입,0.030524220305242204,0.0008236582407600888,0,X
훈스)옥수수콘마요빵110g,0.013934970139349702,0.0009991515567757765,0,X
좀비딸)로스팜마요계란볶음밥삼각,0.0185799601857996,0.0017045978199737542,0,X
이정후)불고기김치볶음밥삼각,0.0112806901128069,0.00025504167215666395,0,X
하림)오징어초빔면큰컵,0.010617120106171201,0.0017743984516397832,0,X
PB)돌체라떼320ml,0.012607830126078301,0.0005041930893544052,0,O
크라운)키커바크리미밀크28g,0.0079628400796284,0.0005671876471941559,0,X
켈로그)그래놀라넛츠앤씨드220g,0.0046449900464499,0.0001782040936227467,0,X
삼립)베리스윗파운드95g,0.005972130059721301,0.00010304702190452135,0,X
오리온)카스타드로얄밀크티12입,0.008626410086264101,2.005542729248686e-05,0,X
종근당건강)아임비타에너지샷150ml,0.0033178500331785005,0.0025232260714872366,0,X
CJ)맥스봉오리지널70g,0.0039814200398142,0.00016259813231713364,0,X
쿡인페이퍼)즉석무파마,0.019243530192435302,0.0005289700266387955,0,X
그린)치킨마요에그말이,0.005972130059721301,0.00027411343911412596,0,X
롯데)티처스맵닭치킨치즈버거,0.019243530192435302,0.0014711193659506224,0,X
오리온)닥터유단백질드링크딸기350ml,0.006635700066357001,0.0001738358440524048,0,X
CJ)습김치덮밥(컵반)252g,0.0026542800265428003,2.7647841038945937e-05,0,X
하림)용가리까르보나라볶음면큰컵,0.0092899800928998,0.00020376423300251487,0,X
해태)후렌치파이샤인머스캣192g,0.0165892501658925,0.0025991107319923317,0,X
롯데)초코8갑(티니핑25년),0.0079628400796284,1.3834173585734613e-05,0,X
롯데)빼빼로캐리어4입,0.010617120106171201,5.2842229800172746e-05,0,X
그린)촵촵스테이크버거,0.013934970139349702,0.0004479437618251482,0,X
앙리마티스)하트와인볼(로제)500ml캔,0.021897810218978103,0.0015574272142322898,0,X
유앤)쿼카푸딩젤리90g,0.0046449900464499,0.0006436321452973371,0,X
K리그)슛!비타민워터레몬340ml,0.005972130059721301,3.968177604161094e-05,0,X
PB)최강록의리얼웨지감자45g,0.06901128069011281,0.004028509354848416,1,O
쿡인페이퍼)즉석짜슐랭,0.0053085600530856005,0.0,0,X
롯데)꼬깔콘딸기86g,0.0159256801592568,0.0008182647222360358,0,X
오리온)통크딸기45g,0.0112806901128069,7.061619479114823e-05,0,X
롯데)야채크래커83g,0.031187790311877902,0.0009805833693455799,0,X
SAMG)하츄핑미니꿀약과90g,0.010617120106171201,0.00022060348654397453,0,X
PB)미트파스타292.5g,0.025215660252156602,0.002255916509265434,0,O
롯데)미노리키친간장닭삼각,0.019243530192435302,0.002122703268711705,0,X
롯데)파이열매73g,0.06436629064366291,0.005119494949747478,1,X
풀무원다논)액티비아사과150g,0.013934970139349702,0.0010492316976572476,0,X
MZ)AFC미니치즈크래커150g,0.010617120106171201,0.00014626965189433645,0,X
매일)흰우유(멸균)200ml,0.0079628400796284,0.00014978961081231178,0,X
오뚜기)참깨찐만두180g,0.012607830126078301,0.0008641094369132205,0,X
삼립)닥트리오금빛초코슈80g,0.010617120106171201,0.00030966005033388437,0,X
PB)콩닥콩닥커피우유500ml,0.019243530192435302,0.0011536664012265377,0,O
스위트)알포트미니몽블랑초콜릿55g,0.021234240212342402,0.0008652854303885088,0,X
선우)베이커리초콜릿39g,0.012607830126078301,0.00041671996248853876,0,X
즉석도넛)단팥찹쌀도넛,0.0019907100199071,0.0012328478609340563,0,X
대왕지파이,0.011944260119442602,0.0028511026662836328,0,X
딸기키티)스트로베리초코라떼275ml,0.011944260119442602,0.00019462413998121936,0,X
남양)테이크핏몬스터초코바나나350ml,0.0053085600530856005,0.0002644023467809897,0,X
삼립)핫스파이시후랑크70g,0.0092899800928998,0.0005693483029130596,0,X
쿡인페이퍼)즉석까르보불닭볶음면,0.0112806901128069,3.292355782250895e-05,0,X
PB)럭히밥사골곰탕꾹밥225g,0.0033178500331785005,6.842637818818668e-05,0,O
★미루)사랑의프로포즈,0.0039814200398142,0.003695899877596449,0,X
PB)바밤바알밤크림빵110g,0.0225613802256138,0.0045310717000030575,0,O
유라가)푸하하소금우유생크림떡80g,0.012607830126078301,0.0017765485044899374,0,X
롯데)통김밥 ,0.0338420703384207,0.002799317851518223,0,X
동원)양반오미밥130g,0.012607830126078301,0.0006344663199577267,0,X
스위트)부르봉블란츌고구마16입,0.013934970139349702,3.527716354548952e-05,0,X
풍림)뵈르뵈르엄친딸푸딩90g,0.0092899800928998,0.0006749594349491275,0,X
삼립)더블딥초코꾸덕파이70g,0.015262110152621102,0.0010213675048474035,0,X
델토리)실타래초콜릿60g,0.017916390179163903,0.0004814705318718721,0,X
딸기키티)베노프단백질바(딸기치즈)50g,0.006635700066357001,9.291798448280083e-05,0,X
익스트림)에너지퍼스트펭귄250ml,0.0019907100199071,0.00031102443665905567,0,X
링티)씨너지에너지드링크250ml,0.0019907100199071,4.3922184887591454e-05,0,X
PB)이정후프로틴초코330ml,0.006635700066357001,0.00021878678106931367,0,O
농심)빵부장말차빵55g,0.029197080291970802,0.003177970254058317,0,X
이정후)후스틱55g,0.0072992700729927005,0.0008948341953047937,0,X
농심)츄파춥스젤리사워튜브90g,0.0225613802256138,0.0015424263413326717,0,X
삼립)로만밀땅콩미니샌드76g,0.008626410086264101,0.0008065952259577299,0,X
CJ)비비고붕어빵젤리포도40g,0.009953550099535502,7.506452483882114e-05,0,X
동서)스타벅스카페베로나블랙275ml,0.0046449900464499,0.0009393696187417083,0,X
PB)든든에그포테이토샐러드110g,0.0245520902455209,0.0033695120166763797,0,O
오리온)포도알맹이6P,0.0019907100199071,6.264391774456493e-07,0,X
풀무원)아임리얼100사과140ml,0.0046449900464499,8.396997267345362e-05,0,X
하림)맛닭가슴살새우100g,0.0159256801592568,0.00037887880210527795,0,X
그린)게맛있는샌드,0.025879230258792303,0.0023965382114386202,0,X
삼립)포켓몬피치요거미니샌드(5입)95g,0.0019907100199071,0.00043794230065718483,0,X
스위트)부르봉블란츌딸기랑그드샤40g,0.0338420703384207,0.003788918585004328,1,X
엠즈)크림에빠진납작복숭아롤80g,0.0046449900464499,0.00016542394169619776,0,X
롯데)골드후라이드치킨버거3.0,0.025879230258792303,0.001066975719641888,0,X
롯데)치폴레대파닭구이웜볼,0.008626410086264101,0.00013184554204977294,0,X
나무)버터샌드60g,0.013934970139349702,9.063725099298178e-05,0,X
롯데)드림카카오82% 86g,0.010617120106171201,0.0004547543488390424,0,X
롯데)이너프베이크드쿠키애플43g,0.015262110152621102,0.0007201578571333714,0,X
롯데)진국사골곰탕국밥45g,0.0019907100199071,0.00031255490624128616,0,X
롯데)포켓델리푸실리파스타샐러드,0.006635700066357001,0.00013049347566754664,0,X
하림)오늘단백돌체라떼250ml,0.0072992700729927005,0.0018475083262102386,0,X
롯데)반반김밥_돈까스&제육,0.0072992700729927005,0.00030119883347633284,0,X
맛제일)3900스팸&비엔나도시락,0.025879230258792303,0.000586003474808185,0,X
롯데)빼빼로샘플러6입,0.006635700066357001,0.0001073988414392254,0,X
하늘)무화과블랙베이글칩60g,0.013271400132714002,0.0006831741375280699,0,X
동서)레드불핑크250ml,0.0053085600530856005,0.0026301398980549577,0,X
지지푸드)XXL슈퍼슈프림피자190g,0.012607830126078301,0.0005556036468836528,0,X
써라클)베노프단백질바(트러플피넛)50g,0.017916390179163903,0.0010906419778809397,0,X
롯데)바른목장딸기우유크림빵100g,0.011944260119442602,0.0003784363502747625,0,X
그린)햄듬뿍치즈샌드,0.021897810218978103,0.00032237565252035683,0,X
롯데)백년가게춘천오수물막국수,0.0006635700066357001,0.0,0,X
한양)숏바디버터불고기40g,0.0039814200398142,0.00023121816034991536,0,X
그린)디지게매운돈까스김밥(눈물맛),0.029197080291970802,0.000721970519363268,0,X
롯데)더블치즈불고기버거,0.028533510285335104,0.000582187311067651,0,X
롯데)프리미엄몽쉘말차딸기216g,0.023888520238885203,0.0009218993431929027,0,X
인디)247블라스트레몬490ml캔,0.0013271400132714001,0.0,0,X
PB)카라멜라떼320ml,0.010617120106171201,0.0004589381536120344,0,O
삼립)알로하코코넛보름달88g,0.011944260119442602,0.0006055029175712273,0,X
롯데)빼빼로자이언츠기획(2입),0.012607830126078301,0.002980119435017668,0,O
뚜또)코코레몬210g,0.008626410086264101,0.0001300077841657105,0,X
CJ)닭가슴살순살청양100g,0.0165892501658925,0.0008345728407124839,0,X
롯데)초코우유크림소금빵120g,0.015262110152621102,0.003014180054684629,0,X
롯데)오리지날프랑크90g,0.017916390179163903,0.0026761971913242355,0,X
그린)맛장우맛자랑 직화닭갈비,0.021234240212342402,0.0033904263148779343,0,X
이정후)함박스테이크김밥,0.005972130059721301,0.00012508335643519642,0,X
삼립)그레인치킨샐러드170g,0.0006635700066357001,0.0,0,X
삼립)그레인불고기샐러드170g,0.0006635700066357001,0.0,0,X
나무)아삭귤젤리35g,0.06104844061048441,0.0043856860122075255,1,X
삼립)프로H.메밀꿀호떡90g,0.0225613802256138,0.0008789501966267539,0,X
MQ)켈로그단백질바K50g,0.0072992700729927005,0.0001930724082930215,0,X
삼립)시그니처얼그레이카스테라125g,0.005972130059721301,0.00025016925375578256,0,X
롯데)이너프골든츄이바35g,0.006635700066357001,0.0004009405204492876,0,X
이노엔)티로그청포도아이스티500ml,0.0019907100199071,0.001523172068361186,0,X
삼립)메가불고기에그버거,0.0165892501658925,0.0010355669295124036,0,X
유앤)크리스피초코봉12g,0.013934970139349702,0.00015843484280507318,0,X
유앤)미니약과도넛초코18g,0.0072992700729927005,0.00018728382450365082,0,X
농심)새우깡3번들,0.0013271400132714001,0.0,0,X
오리온)올스타스낵4묶음,0.0013271400132714001,0.0,0,X
오리온)초코송이딸기4P,0.014598540145985401,0.00038780629704521826,0,X
스위트)부르봉루몽드크레페88g,0.005972130059721301,3.234370564435885e-05,0,X
프레)캐치티니핑홍삼포도맛100ml,0.012607830126078301,0.00047125183065600595,0,X
아리)즉석까르보불닭볶음면,0.0006635700066357001,0.0,0,X
삼립)정통크림샌드99g,0.029860650298606503,0.001871705312252172,0,X
삼경)캬라파키포켓몬초콜릿29g,0.014598540145985401,0.000916098977622964,0,X
쿡인페이퍼)즉석신라면블랙,0.014598540145985401,0.00019794258485309518,0,X
롯데)가나초코바자이언츠기획(4입),0.011944260119442602,0.0026208227079713734,0,O
델토리)크랩새우땅콩카라멜60g,0.0205706702057067,0.0001228366120480414,0,X
삼립)달콤제주감귤타르트45g,0.021234240212342402,0.00226866457170296,0,X
엔제이)타쿠미야딸기타르트144g,0.0033178500331785005,1.3515371256267084e-06,0,X
엔제이)타쿠미야녹차타르트144g,0.0026542800265428003,0.0,0,X
동서)스타벅스시그니처초콜릿200ml,0.0026542800265428003,2.76356517958598e-05,0,X
선우)동결건조곰모양젤리13g,0.008626410086264101,7.572542364887169e-05,0,X
선우)빅납작복숭아80g,0.017252820172528202,0.00025725000847610333,0,X
PB)스팸마요덮밥314.2g,0.014598540145985401,0.0009707616859520572,0,O
롯데)11찬도시락,0.008626410086264101,9.427181038213334e-05,0,X
오리온)마이구미제로54g,0.0318513603185136,0.0013080611287748115,0,X
6스위트)메이지밀크초콜릿스틱41g,0.0053085600530856005,3.0081565780661476e-05,0,X
롯데)바른목장우유크림빵100g,0.012607830126078301,0.0004353572801460219,0,X
삼립)25년꿀고구마호빵(4입),0.0039814200398142,0.0001801334879505177,0,X
훈스)불고기&소시지핫도그145g,0.0033178500331785005,8.620759097211315e-05,0,X
롯데)더꽉찬직화불고기김밥,0.005972130059721301,0.0007527178510381574,0,X
미정)미정당불어묵납작당면353g,0.0079628400796284,9.187657766664131e-05,0,X
맛제일)콘치즈떡갈비김밥,0.0418049104180491,0.0021665778518238717,0,X
MDS)고구마&단호박샐러드200g,0.0072992700729927005,0.00012492048201250336,0,X
삼립)끼리크림치즈파운드(2입),0.0053085600530856005,9.30132726574355e-05,0,X
서울)멸균흰우유200ml,0.008626410086264101,0.0009856356150893504,0,X
미정)얼음동동물냉면245g,0.0072992700729927005,0.0006285712097815063,0,X
CJ)맥스봉진한풍미후랑크65g,0.029197080291970802,0.0045268904724488105,0,X
롯데)듬뿍에그유부초밥,0.0112806901128069,0.000920719243377694,0,X
매일)멸균딸기200ml,0.015262110152621102,0.0011229610714421137,0,X
4산리오)카드케이스set,0.0013271400132714001,8.812350685733068e-07,0,X
★아띠)히말라야바좀바메가롤리팝135g,0.0006635700066357001,0.0,0,X
미성)오트밀미니바이트40g,0.0026542800265428003,2.9964490010112067e-06,0,X
칠성)델몬트사과제로200ml,0.0079628400796284,0.0003422754177961525,0,X
그린)더꽉찬돈까스김밥,0.017916390179163903,0.0013054253963474534,0,X
MQ)켈로그크런치넛에너지바40g,0.005972130059721301,6.478916058888563e-05,0,X
딸기키티)패스츄리딸기샌드,0.010617120106171201,0.0002662589932374917,0,X
한도초과)바싹불고기&함박도시락,0.027869940278699403,0.0011760421812156041,0,O
그린)중식여신박은영마라어묵우동,0.0013271400132714001,1.041904342111137e-05,0,X
에이스)와사비치킨아몬드80g,0.0026542800265428003,0.0002556033643967427,0,X
삼립)야채호빵100g(1입),0.0205706702057067,0.0014157755914779764,0,X
PB)쪼코쪼코초코우유500ml,0.025215660252156602,0.002079986524798227,0,O
그린)울트라트리플치즈버거,0.021897810218978103,0.0014069116696038427,0,X
삼립)더블불고기투움바버거,0.026542800265428004,0.0014187337125001014,0,X
롯데)렌틸콩유부초밥&에그샐러드,0.0053085600530856005,0.00032706786986016096,0,X
SAMG)오로라핑의오로라빛젤리50g,0.0185799601857996,0.0011409253030736821,0,X
PB)감자칩사워크림앤어니언110g,0.0013271400132714001,0.0012328478609340563,0,O
선우)푸투안초코모찌30g,0.0225613802256138,0.0011639291468083254,0,X
삼립)연단팥보름달88g,0.006635700066357001,1.1227613465591771e-05,0,X
APP예약)치킨마요덮밥,0.0006635700066357001,0.0,0,X
"APP예약)3,900나시고랭볶음밥",0.0006635700066357001,0.0,0,X
PB)갈비만두168g,0.011944260119442602,0.0028515909869330862,0,O
삼립)NEW불고기치즈부리또115g,0.019243530192435302,0.0027644022760513532,0,X
티니핑)초롱핑의패스츄리사각애플90g,0.009953550099535502,0.00010190273803222157,0,X
삼립)꿀고물렛75g,0.0039814200398142,2.0586782632348027e-05,0,X
삼립)씨티델리BBQ치킨&누들불케이노340g,0.0039814200398142,0.000986189170303645,0,X
한성)와일드크래미쉬림프150g,0.0092899800928998,0.000544478989983891,0,X
삼립)허쉬초코바나나샌드80g,0.013271400132714002,0.0009315896919959502,0,X
제이탑)크림치즈베이글160g,0.006635700066357001,0.00038631569803114653,0,X
벨리)삼육두유크림도넛110g,0.0092899800928998,0.00021741429449917424,0,X
종근당)락토핏마시는유산균사과130ml,0.008626410086264101,0.0012559751156430488,0,X
일신)캇예스프레드페르켈175g,0.009953550099535502,9.265482879687141e-05,0,X
"삼립)1,900어니언치즈브레드100g",0.0053085600530856005,0.0007256252677500692,0,X
투데이)스위즐스드럼스틱사우어체리&애플 100g,0.023888520238885203,0.0004149946493109815,0,X
삼립)타임핏프로틴치킨샐러드113g,0.014598540145985401,0.0008462633002983936,0,X
KBO)롯데자이언츠도라야끼빵70g,0.021234240212342402,0.001959902178078346,0,O
오리온)톡핑스트로베리&그래놀라,0.0112806901128069,0.00013146333990785044,0,X
PB)이정후솔티카라멜샌드빵160g,0.013934970139349702,0.0003504847142180863,0,O
K리그)슛!팅떡볶이(매콤까르보맛),0.0033178500331785005,3.640640062813864e-05,0,X
롯데)이너프바나나&피넛큐브케이크60g,0.0092899800928998,0.0002448930774407239,0,X
롯데)맛장우김밥매콤제육,0.0039814200398142,0.0003347225196876031,0,X
롯데)아몬드8갑(스키즈25년),0.008626410086264101,6.622305394157149e-06,0,X
삼립)타임핏스모키포크샐러드120g,0.0079628400796284,0.00024142263000687122,0,X
PB)자이언츠육각꼬깔콘고소한맛134g,0.011944260119442602,0.00024380941093871749,0,O
프로엠)빼빼로선물상자9입,0.0026542800265428003,0.0,0,X
롯데)찰떡파이초코바나나250g,0.0112806901128069,9.646198391489644e-05,0,X
PB)산리오마이멜로디아샷추복숭아350ml,0.0033178500331785005,0.0005477047171569399,0,O
PB)이봉원의봉새우볶음밥260g,0.0019907100199071,1.568118430860952e-05,0,O
KBO)끝내기홈런미트부리또130g,0.0159256801592568,0.0013162483898969428,0,O
총동원)요거트참치샌드,0.017916390179163903,0.0009539709315004944,0,X
그린)불닭치킨유부말이,0.012607830126078301,0.0006209119778274288,0,X
칠성)오트몬드프로틴쿠키앤크림250ml,0.010617120106171201,0.0005928849035296562,0,X
KBO)463카라멜땅콩베이스샌드160g,0.013271400132714002,0.00031751007956703527,0,O
7P)스트롱사와복숭아500ml,0.011944260119442602,0.0005424093397332988,0,X
카브루)리얼패션후르츠하이볼355ml캔,0.0112806901128069,0.00032549700403187136,0,X
G)가나프리미엄레몬64g,0.0112806901128069,0.0002871362602093841,0,X
PB)땅콩품은오징어볼200g,0.013934970139349702,0.0004946669282185216,0,O
한도초과)기사식당 바싹불고기,0.017252820172528202,0.0009170824500742166,0,O
삼립)떠롤에올라간메타몽80g,0.0046449900464499,0.00012068752752663895,0,X
롯데)맛장우맛자랑 부대볶음,0.0092899800928998,0.00010842299507813956,0,X
남양)말차에몽190ml,0.026542800265428004,0.0016401206697394726,0,X
KBO)키움히어로즈자색고구마팡100g,0.011944260119442602,0.00012875851302735283,0,O
스위트)트롤리드래곤에그젤리18.8g,0.0072992700729927005,1.45700943649602e-05,0,X
일신)캇예스파티프레드175g,0.013271400132714002,0.0002369805974454469,0,X
서울)저지방멸균흰우유200ml,0.0112806901128069,0.0011468610094080697,0,X
롯데)불닭양념닭강정,0.013271400132714002,0.0002251116292966265,0,X
쿡인페이퍼)즉석진라면순한맛,0.013934970139349702,8.306411371742498e-05,0,X
롯데)포켓델리햄&포테이토샐러드,0.009953550099535502,0.002400143102835711,0,X
대상)청정원스위트콘340g,0.0072992700729927005,0.0005438372639491125,0,X
삼립)끼리크림치즈벨기에와플68g,0.012607830126078301,0.001204202544996151,0,X
켈로그)프로틴그래놀라제로슈거컵35g,0.0026542800265428003,0.00020180097790826134,0,X
오리온)오딸기55g(봄한정),0.014598540145985401,0.0012344215271660871,0,X
그린)초코딸기샌드,0.0079628400796284,0.0017029152956592264,0,X
종근당)락토핏마시는유산균저당130ml,0.0046449900464499,1.8835354745378623e-05,0,X
삼립)허쉬초코딸기데니쉬90g,0.006635700066357001,5.9313672465010284e-05,0,X
삼립)말차초코숲보름달85g,0.009953550099535502,0.0009296252000273461,0,X
롯데)티처스빠다장조림삼각,0.0165892501658925,0.001539339584098529,0,X
삼립)라이츄슈크림데니쉬100g,0.008626410086264101,0.00022388919386822782,0,X
초코텍)제주섬타르트112g,0.0026542800265428003,0.0,0,X
프로엠)시나모롤인형키링(단품),0.0026542800265428003,0.0012328478609340563,0,X
프로엠)쿠로미인형키링(단품),0.0019907100199071,0.0,0,X
스위트)부르봉랑드샤말차16입,0.005972130059721301,6.467889720673552e-05,0,X
엔제이)황금치즈랑그드샤105g,0.0033178500331785005,1.3515371256267084e-06,0,X
풍림)뵈르뵈르멜로망고푸딩90g,0.011944260119442602,0.001390278848207185,0,X
엔제이)젤리코카스타드타이야끼150g(5입),0.005972130059721301,0.0003078371873229262,0,X
세븐카페)완두가득만쥬23g,0.0072992700729927005,0.0001816767112205721,0,X
PB)이정후프로틴바50g,0.0079628400796284,0.0008318976635902948,0,O
쿡인페이퍼)즉석맵탱흑후추소고기라면,0.008626410086264101,0.0,0,X
삼립)마법의망고생크림팬케익60g,0.010617120106171201,0.0011445590177926674,0,X
롯데)크런키8갑(스키즈25년),0.008626410086264101,1.537776553214792e-05,0,X
서울)복숭아요구르트750ml,0.0053085600530856005,0.0002949975755503536,0,X
삼립)와우에그샐러드123g,0.015262110152621102,0.0016379554824596516,0,X
롯데)안유성명장 치킨난반정식,0.008626410086264101,0.00025459696849166783,0,X
★미루)러브하우스,0.0033178500331785005,0.0037023860218759383,0,X
하리보)사운드큐브80g,0.012607830126078301,3.473339536994179e-05,0,X
에이스)한입초코미니도나스20g,0.0165892501658925,0.0012665379135149881,0,X
PB)고기만두168g,0.0046449900464499,5.968962638529021e-05,0,O
CJ)비비고김치200g,0.0026542800265428003,2.4533404993189206e-05,0,X
해태)예쓰의케이크가게4입,0.029197080291970802,0.0016002455932628986,0,X
그린)불닭마요유부초밥,0.014598540145985401,0.0005418775890716114,0,X
엠즈)크림에빠진메론롤80g,0.005972130059721301,0.00015216782953511872,0,X
APP예약)디지게매운등심돈까스,0.0013271400132714001,0.0,0,X
APP예약)디지게매운돈까스김밥(눈물맛),0.0013271400132714001,0.0,0,X
부창제과)소금우유호빵(3입),0.0033178500331785005,1.1796006757095753e-05,0,X
PB)현미라이스칩85g,0.021234240212342402,0.0011749832989655718,0,O
삼립)달콤바나나파운드145g,0.0033178500331785005,3.23071849638074e-05,0,X
PB)박은영셰프의유산슬탕면큰컵,0.0159256801592568,0.002222427127739695,0,O
롯데)포켓델리치킨난반,0.0046449900464499,0.00019548982780513493,0,X
삼립)마누카꿀호떡90g,0.017916390179163903,0.000816229063047493,0,X
한성)갈릭앤어니언후랑크65g,0.0026542800265428003,1.838235543860669e-05,0,X
프로엠)크런키빼빼로띠지2입,0.0079628400796284,2.282821677430389e-05,0,X
프로엠)초코빼빼로하트4입,0.0053085600530856005,9.791500761925631e-08,0,X
롯데)빈츠말차102g(청수당),0.017916390179163903,0.0004331373416951027,0,X
엠즈)크림에빠진얼그레이레몬롤80g,0.0033178500331785005,3.757837152181914e-05,0,X
유앤)흔들흔들판다젤리68g,0.0046449900464499,0.0001900893189144213,0,X
서울)미노스바나나우유235ml,0.0039814200398142,0.00011990656873882605,0,X
삼립)탕종딸기미니샌드200g(10입),0.0019907100199071,0.0005846287367650802,0,X
히밥)럭히밥울트라면볶이(4인분),0.0033178500331785005,4.503152217079152e-05,0,X
스위트)트롤리사워게코90g,0.013271400132714002,0.00031972900667268453,0,X
오리온)초코파이18입,0.0006635700066357001,0.0,0,X
삼립)25년정통단팥호빵(찜기낱개),0.008626410086264101,0.0017773712792611925,0,X
산토리)짐빔하이볼플레인350ml팩(6입),0.0019907100199071,0.0036932561723907287,0,X
2랏소베어)마우스패드set,0.0019907100199071,0.011032181823469227,0,X
크라운)키커바가나슈28g	,0.008626410086264101,0.0003316998346116818,0,X
네슬레)킷캣미니어처밀크,0.0092899800928998,0.0017452045639595923,0,X
농심)누들핏튀김우동맛,0.013934970139349702,0.000600533602269828,0,X
PB)버터스노우롤140g(4입),0.0033178500331785005,2.423525107126646e-05,0,O
덴마크)커피커피300ml,0.0185799601857996,0.00046667118384521167,0,X
하림)맥시칸양념치킨볶음면큰컵,0.021234240212342402,0.003143488071745842,0,X
크라운)스모키베이컨칩70g,0.031187790311877902,0.0013091243540274235,0,X
한입)게맛살깡오리지널30g,0.005972130059721301,0.00013138382044052267,0,X
빙그레)바나나우유무가당240ml,0.0072992700729927005,0.0029739252381478826,0,X
그린)울진대게딱지장김밥,0.0053085600530856005,0.0010111860733873872,0,X
PB)더블매콤야채땡초바160g,0.009953550099535502,0.0006738971262967563,0,O
PB)1등급흰우유900ml,0.005972130059721301,0.00046630054514338226,0,O
APP예약)대만식딸기샌드,0.0013271400132714001,0.0,0,X
APP예약)기사식당 바싹불고기,0.0039814200398142,1.3218526028599602e-05,0,X
롯데)저당소고기고추장김밥,0.0165892501658925,0.0007552959421747372,0,X
APP예약)의성마늘햄&고추장불고기,0.0026542800265428003,7.0498805485864545e-06,0,X
APP예약)한도초과참치김밥,0.0019907100199071,0.0,0,O
PB)테디베어바닐라빈라떼250ml,0.0092899800928998,0.00028578687565253237,0,O
PB)테디베어플랫화이트라떼250ml,0.0112806901128069,0.0016623740726594866,0,O
삼립)발효꿀데니쉬(4입),0.027869940278699403,0.001340863823091884,0,X
초코텍)화이트멜로볼50g,0.0112806901128069,0.000274792606172992,0,X
매크로)레옹사우어비타민c레몬젤리80g,0.0159256801592568,7.08343266842976e-05,0,X
"삼립)1,900콘마요빅브레드110g",0.008626410086264101,0.0005267233567323149,0,X
삼립)방앗간기정떡(쑥)95g,0.0033178500331785005,0.0006243678579648203,0,X
롯데)밥먹자얘들아,0.006635700066357001,4.8638148850592534e-05,0,X
오리온)초코파이하우스망고12P,0.0033178500331785005,6.059695714207757e-07,0,X
오리온)촉촉한초코칩멜론8P,0.010617120106171201,0.00013750148586132204,0,X
총동원)더커진고추참치김치삼각,0.009953550099535502,0.0001396033208245152,0,X
풀무원다논)액티비아딸기150g,0.0165892501658925,0.0020819471397789903,0,X
삼립)허쉬초코딸기카스테라85g,0.0072992700729927005,0.00043715883112716383,0,X
롯데)식사이론 제육열무비빔밥,0.012607830126078301,0.00042611467961091237,0,X
제이탑)블루베리크림치즈베이글160g,0.0079628400796284,0.00042317798103878434,0,X
엠즈)쫀득라바초코케이크80g,0.0079628400796284,0.0019066893619322698,0,X
하리보)해리포터론75g,0.0033178500331785005,3.5748418681830264e-05,0,X
G)파스키에딸기필링브리오쉬225g,0.0026542800265428003,0.002163485905265906,0,X
6스위트)메이지스트로베리초콜릿스틱42g,0.0079628400796284,2.410962229995879e-05,0,X
동아)모닝케어프레스온H(간),0.0013271400132714001,0.0,0,X
동아)모닝케어프레스온G(위),0.0026542800265428003,0.006147936455901675,0,X
아리)즉석삼양라면,0.005972130059721301,0.00026490205500622464,0,X
특수)즉석식품700,0.0019907100199071,7.748585048006899e-05,0,X
한도초과)몬스터3단버거,0.035169210351692105,0.001532488666131355,0,O
KBO)NC다이노스공룡알흑임자컵케익130g,0.013271400132714002,0.00026687060437945734,0,O
미성)허쉬쿠앤크라운즈96g,0.0112806901128069,0.00012040758685870924,0,X
에이블)주먹밥모양쌀강정80g,0.0046449900464499,1.3268741950639545e-05,0,X
동서)스타벅스바닐라(병)281ml,0.0013271400132714001,0.0,0,X
한입)게맛살깡와사비맛30g,0.0033178500331785005,6.98045014995658e-06,0,X
삼립)런치킨크랜베리콤보샐러드,0.0033178500331785005,0.0005115741337046408,0,X
삼립)런치킨브레스트콤보샐러드,0.0013271400132714001,3.086190823893726e-06,0,X
이그니스)랩노쉬프로틴바나나350ml,0.006635700066357001,0.00015551739770174841,0,X
좀비딸)애용이치즈냥계란김밥,0.017916390179163903,0.0016929856851954782,0,X
해태)자유시간쿠키앤티라미수,0.0112806901128069,0.0003641755249317793,0,X
PB)김치만두168g,0.008626410086264101,0.0010891280053552188,0,O
CJ)비비고육즙불고기찐만두168g,0.008626410086264101,0.0008214616863542397,0,X
G)스틱휘낭시에레몬티39g,0.0205706702057067,0.001506232064264419,0,X
박은영)마라마파두부덮밥380g,0.0026542800265428003,7.188895537341367e-05,0,X
롯데)가나쇼콜라카스테라120g,0.0165892501658925,0.001895052758782024,0,X
풀무원)요거톡레몬비스킷머랭126g,0.0159256801592568,0.0019029733631585801,0,X
6스위트)부르봉고칸오마티스딸기,0.009953550099535502,2.3420367700578603e-05,0,X
풀무원)아임리얼100레몬140ml,0.006635700066357001,0.0002732753026551291,0,X
하림)볶짜면큰컵,0.0046449900464499,2.0161897271948363e-07,0,X
여리수)25곡미니크리스피롤63g,0.0006635700066357001,0.0,0,X
MDS)밀크크림고구마무스100g,0.0033178500331785005,0.0012829546709728686,0,X
MDS)딸기크림고구마무스100g,0.0006635700066357001,0.0,0,X
그린)스팸마요계란김밥,0.0205706702057067,0.0009034726109088626,0,X
삼립)미각할라피뇨꽈베이글80g,0.0006635700066357001,0.0,0,X
삼립)씨티델리BBQ치킨&누들블랙소이340g,0.0033178500331785005,5.080812575670472e-05,0,X
고운벗)꽃새우쌀과자100g,0.013934970139349702,0.0006931445834679498,0,X
CJ)비비고찰보리감자만두300g,0.0026542800265428003,9.116563019949219e-06,0,X
롯데)버터치킨카레덮밥,0.012607830126078301,0.0005940448796858561,0,X
CJ)더건강한저당닭가슴살숯불치킨맛120g,0.0033178500331785005,0.0008320176448245707,0,X
농심)누들핏새우탕맛,0.025215660252156602,0.0015537655683746975,0,X
티처스)시험베리굿팡85g,0.0112806901128069,0.0003500994282336259,0,X
티처스)당충전딥초코와플90g,0.0046449900464499,0.00012545011013591402,0,X
K리그)슛!비타민워터믹스후르츠340ml,0.005972130059721301,8.694548654703496e-05,0,X
4산리오)모둠쇼핑백(대),0.0013271400132714001,0.008592923153658314,0,X
2랏소베어)랜덤키링set,0.0013271400132714001,0.009813433723632345,0,X
롯데)식사이론닭가슴살야채스틱65g,0.0013271400132714001,3.116053020251238e-05,0,X
삼립)프로H.바닐라빈카스테라85g,0.008626410086264101,0.00039794064039071203,0,X
피치)스퀴즈팝구미딸기맛72g,0.0053085600530856005,4.8440555756766545e-05,0,X
드림)훈와리캬라멜28g,0.0026542800265428003,2.9358412274213816e-06,0,X
CJ)햇반버섯야채죽268g,0.0026542800265428003,0.0024807017678262168,0,X
농심)꿀꽈배기3번들,0.0013271400132714001,0.0,0,X
연세)스트로베리요거트300ml,0.008626410086264101,0.0004860334680737049,0,X
MDS)쫀득쫀똑(단호박)60g,0.0185799601857996,0.0016147460598001033,0,X
한양)명태&오징어숏다리mix35g,0.0053085600530856005,0.00048439025096527484,0,X
삼립)베리스윗붓세43g,0.0046449900464499,1.468649352537652e-05,0,X
CJ)1등급반숙대란2구,0.006635700066357001,0.00040766855130257865,0,X
하림)더미식유니자장덮밥소스150g,0.0019907100199071,0.0012348132458187742,0,X
코주부)맛다리20g,0.0053085600530856005,0.000633913191665177,0,X
위드)유니프믹스베리주스200ml,0.0053085600530856005,0.0005824727227564609,0,X
태항)붉은빛의우롱티500ml,0.0033178500331785005,0.0012454096090087651,0,X
유앤)한입땅콩꽈배기450g,0.0026542800265428003,4.332911171941087e-06,0,X
위스트)마라곤약 향라맛,0.011944260119442602,0.0002894487771145986,0,X
풀무원)생만두고기배추400g,0.0006635700066357001,0.0,0,X
풀무원)생만두새우청경채320g,0.0006635700066357001,0.0,0,X
엔제이)카바야샤리인구미감귤맛52g,0.0019907100199071,7.470690243491904e-06,0,X
한일)가쓰오냉소바184.7g,0.010617120106171201,0.0009003021333539647,0,X
삼립)25년꿀고구마호빵(찜기낱개),0.0033178500331785005,8.102867084998381e-07,0,X
롯데)맛장우삼각더커진전주비빔,0.0019907100199071,4.275580458436006e-05,0,X
훼밀리)BBQ롤젤리15g,0.0079628400796284,5.027199221342726e-05,0,X
삼립)스노우리스샐러드139g,0.0019907100199071,5.954604317813654e-06,0,X
초코텍)제주소보루구좌당근228g,0.0026542800265428003,0.0,0,X
엔제이)머그컵카스테라볼90g,0.0039814200398142,7.16093208645016e-05,0,X
APP예약)렌틸콩유부초밥&에그샐러드,0.0013271400132714001,0.0,0,X
APP예약)홀그레인머스타드닭가슴살김밥,0.0013271400132714001,0.0,0,X
삼립)김치만두호빵95g(1입),0.0112806901128069,0.0002555927709519962,0,X
G)파스키에버터크로아상240g,0.0033178500331785005,0.0016268859819278162,0,X
★미루)러브밸리즈,0.0019907100199071,0.0,0,X
한성)파슬리후랑크65g,0.0026542800265428003,1.4071236894359861e-05,0,X
프로엠)실버타워빼빼로9입,0.0006635700066357001,0.0,0,X
프로엠)하트타워빼빼로세트,0.0013271400132714001,8.812350685733068e-07,0,X
롯데)가득담은5찬도시락,0.006635700066357001,0.00017470946839020054,0,X
이노엔)새싹보리블랙500ml,0.0013271400132714001,1.8325948014000816e-05,0,X
동원)윤곽NINE차500ml,0.0033178500331785005,0.0011963508426574118,0,X
PB)딸기키티미니초콜릿16g,0.008626410086264101,0.0002598243308244837,0,O
롯데)크로와상붕어빵80g,0.0033178500331785005,9.413361411730509e-05,0,X
에프투)두레미니족발400g,0.0026542800265428003,1.3671403131146995e-05,0,X
G)슈가버터샌드트리5입,0.0046449900464499,3.6377781734422194e-06,0,X
WED)히핏자스민차500ml ,0.0026542800265428003,6.604646881598565e-05,0,X
즉석도넛)꽈배기,0.0006635700066357001,0.0,0,X
오뚜기)열치즈라면큰컵,0.019243530192435302,0.0015780390458108812,0,X
동화)배러텐션120ml,0.0053085600530856005,0.007553995315762703,0,X
진주햄)매콤그릴후랑크70g,0.008626410086264101,0.0008217398311722145,0,X
더한)서울의밤유자녹차하이볼500ml캔,0.008626410086264101,4.079283456525729e-05,0,X
★미루)골드벨(소),0.0013271400132714001,8.812350685733068e-07,0,X
★미루)골드벨(대),0.0006635700066357001,0.0,0,X
부창제과)소금우유호빵(찜기낱개),0.0039814200398142,0.00020546704716250516,0,X
밀팜)39초코스콘슈120g,0.006635700066357001,0.0008805471034632344,0,X
양념닭강정세트,0.0072992700729927005,0.0003951044637598382,0,X
★미루)페페플라워(소),0.0013271400132714001,0.0012328478609340563,0,X
롯데)카스타드딸기230g,0.0019907100199071,0.0,0,X
여리수)빼빼로6입쇼핑백,0.008626410086264101,3.419021680591608e-05,0,X
프로엠)시나모롤미니퀼팅파우치(단품),0.0006635700066357001,0.0,0,X
삼립)베리스윗샌드케익80g,0.0072992700729927005,0.0002319792528775789,0,X
오리온)마라뿌린치킨팝60g,0.0019907100199071,0.0,0,X
"삼립)1,900햄뽀끼빅브레드105g",0.0019907100199071,0.0,0,X
한양)명태&오징어숏다리mix매운맛35g,0.0019907100199071,0.0,0,X
APP예약)탱글쏘야&불고기도시락,0.0006635700066357001,0.0,0,X
칠성)핫식스더킹메가파워500ml,0.0013271400132714001,3.600516312992948e-05,0,X
칠성)핫식스더킹메가제로500ml,0.0013271400132714001,0.0002971723696999141,0,X
삼립)비빔닭가슴살메밀면샐러드176g,0.0072992700729927005,0.0028486426173795873,0,X
스윗)데일리믹스120g(발사믹),0.0013271400132714001,0.0012328478609340563,0,X
SAMG)프린세스하츄핑왕관젤리50g,0.0092899800928998,0.00023350168966638647,0,X
PB)럭히밥든든미역꾹밥225g,0.0046449900464499,0.0002377064192590299,0,O
1테디베어)인형키링기획,0.0046449900464499,3.272572830113347e-06,0,X
썬푸드)소칸미역줄기30g,0.0039814200398142,0.0013505294727080327,0,X
칠성)델몬트망고제로200ml,0.011944260119442602,0.0008290474265784761,0,X
HK)컨디션스파클링자몽제로100ml,0.0026542800265428003,0.002464814486799539,0,X
쥬맥스)카나비스250ml,0.0013271400132714001,1.5615261364332712e-05,0,X
오뚜기)햄버그덮밥(컵밥),0.005972130059721301,0.0001098153221117714,0,X
G)차바코코넛워터310ml,0.0006635700066357001,0.0,0,X
삼양)탱글갈릭오일파스타,0.013271400132714002,0.00065870254394012,0,X
롯데)빼빼로기프트6입,0.0072992700729927005,0.00023483804157733315,0,X
삼립)192겹메론쉘파이75g,0.0026542800265428003,0.0001343526652591833,0,X
삼립)프로H.플레인바스크치즈케익68g,0.008626410086264101,0.0008422606652874526,0,X
동원)개성한입쏙김치만두168g,0.0039814200398142,1.9805132597058917e-05,0,X
여리수)선물박스(중),0.0019907100199071,0.006150139543573108,0,X
여리수)하리보선물상자,0.0006635700066357001,0.0,0,X
이그니스)랩노쉬프로틴코코아350ml,0.0046449900464499,0.0002304474462073086,0,X
진주햄)천하장사콰트로치즈70g,0.0039814200398142,0.0001444648965538177,0,X
삼립)불고기메밀면샐러드175g,0.0079628400796284,0.0008264952409050769,0,X
엔제이)훗카이도밀크초코랑그드샤100g,0.0046449900464499,0.004097399631991335,0,X
웅진)카무트현미차500ml,0.0013271400132714001,3.265854157445019e-05,0,X
풀무원)하루귀리500ml ,0.0039814200398142,0.002518782135029762,0,X
SAMG)프린세스아름핑하트젤리50g,0.0053085600530856005,5.474983286497763e-05,0,X
카브루)리얼유자사케하이볼500ml캔,0.0033178500331785005,0.0,0,X
CJ)습떡볶이108g,0.0039814200398142,0.00014481411172955616,0,X
삼립)포켓피스화이트슈가패스츄리105g,0.006635700066357001,0.00046479819421393393,0,X
태항)봄날의그린티500ml,0.0006635700066357001,0.0,0,X
롯데)햄참치샐러드샌드,0.0053085600530856005,0.00016403805834778424,0,X
PB)바삭김(20입),0.0013271400132714001,1.5679192387624715e-05,0,O
엔제이)훗카이도유바리멜론케이크(12입),0.0019907100199071,1.522137979248992e-05,0,X
CJ)작은햇반130g*3입,0.0019907100199071,2.270220665645963e-05,0,X
CJ)작은햇반발아현미밥130g*3입,0.0026542800265428003,9.180055879300573e-05,0,X
★몽뜨)초코폴러브유,0.0013271400132714001,1.8469911950173453e-06,0,X
아리)즉석신라면블랙,0.006635700066357001,0.00033447863034409217,0,X
그린)듬뿍크래미유부초밥,0.0159256801592568,0.001739999584718947,0,X
딸기키티)베리크림도넛100g,0.0046449900464499,5.251845322501918e-05,0,X
CJ)비비고왕교자젤리복숭아40g,0.0079628400796284,1.1609564941747966e-05,0,X
삼립)끼리레몬크림치즈케익95g,0.0033178500331785005,7.017095712649238e-05,0,X
오리온)땅콩강정147g,0.010617120106171201,2.2490595250151036e-05,0,X
PB)테디베어디카페인아메리카노250ml,0.006635700066357001,5.3680272004400375e-05,0,O
삼립)초계비빔곤약면샐러드130g,0.0033178500331785005,0.0004968032349573239,0,X
현성)즉석삼양라면,0.0006635700066357001,0.0,0,X
PKJ)츄러스스낵270g,0.0019907100199071,1.7033910687427673e-06,0,X
2산리오)투명파우치기획(쿠로미),0.0033178500331785005,8.041825015890007e-05,0,X
2산리오)핸드타올기획(헬로키티),0.0019907100199071,0.0,0,X
PB)한돈햄200g,0.0006635700066357001,0.0,0,O
농심)엑스트라크리미밀크35g,0.0019907100199071,1.8759706905665809e-06,0,X
농심)엑스트라크리미다크35g,0.0019907100199071,3.489222257939124e-05,0,X
고운벗)2M츄라피레몬콜라70g,0.0019907100199071,3.162281772476708e-06,0,X
훼밀리)젤리팝시클20g,0.0033178500331785005,9.385238586925086e-06,0,X
SB)허니머스타드케이준샐러드랩,0.0006635700066357001,0.0,0,X
SB)케이준치킨시저샐러드랩1,0.0033178500331785005,0.0012653747234635004,0,X
HK)컨디션스파클링메론소다제로100ml,0.0006635700066357001,0.0,0,X
PB)직화불곱창200g,0.0046449900464499,6.308211745809664e-05,0,O
해태)홈런볼초코4번들164g,0.0013271400132714001,0.0,0,X
해태)메가홈런볼2mix(초코&소금우유)300g,0.0013271400132714001,0.0,0,X
아띠)아톰바닐라밀크맛와퍼스틱60g,0.0046449900464499,2.8533191934603068e-05,0,X
롯데)참치김밥,0.0046449900464499,0.00045803312527174745,0,X
스위트)메이지버섯모양초코송이73g,0.0046449900464499,2.969401351938862e-05,0,X
한성)비바크부어스트260g*2,0.0006635700066357001,0.0,0,X
한성)도이치부어스트310g*2,0.0006635700066357001,0.0,0,X
신화)쫄깃한오징어19g,0.0046449900464499,6.856696220416906e-05,0,X
매일)원데이클래식라떼190ml,0.0019907100199071,2.981758064628522e-05,0,X
하림)맛닭가슴살오징어100g,0.006635700066357001,6.835938715317287e-05,0,X
CJ)햇반전복죽267g,0.0026542800265428003,0.00029455394936729395,0,X
CJ)햇반소고기죽268g,0.0046449900464499,0.0018153031417104547,0,X
TDF)아미카엘도라다감자칩400g,0.0006635700066357001,0.0,0,X
PB)말랑촉촉롱다리오징어35g,0.0013271400132714001,9.125860724214148e-06,0,O
농심)야키호타테카이히모(구운가리비)14g,0.0092899800928998,0.0004051232119892881,0,X
"삼립)1,900치킨데리야끼빅브레드100g",0.0019907100199071,2.679330611848389e-05,0,X
PB)티처스초코라떼컵300ml,0.0013271400132714001,1.3637344934623243e-05,0,O
★미루)페페플라워(중),0.0006635700066357001,0.0,0,X
CJ)햇반12곡잡곡밥210g,0.0079628400796284,0.00014620975787576595,0,X
PB)이정후프로틴바50g(3입),0.0013271400132714001,2.3209710559235424e-05,0,O
CJ)더건강한촉촉닭가슴살100g,0.0026542800265428003,0.0004768026580555183,0,X
칠성)핫식스더킹아이스피치제로355ml,0.0039814200398142,0.0015397518767989303,0,X
★미루)토이페페,0.0013271400132714001,0.0,0,X
산토리)짐빔하이볼자몽350ml팩(6입),0.0019907100199071,0.0006159833129327413,0,X
산토리)짐빔하이볼진저350ml팩(6입),0.0019907100199071,0.0006159833129327413,0,X
미스티)마이초코23g,0.009953550099535502,0.0004520558066331915,0,X
하리보)해리포터헤르미온느75g,0.0019907100199071,1.1869297570999927e-06,0,X
삼립)초코퍼지브라우니115g,0.0019907100199071,1.7633510206772466e-06,0,X
한양)꽃보다오징어스키니40g,0.0033178500331785005,0.0006544046560096316,0,X
CJ)디즈니치즈아몬드쿠키65g,0.0039814200398142,0.0017994387930636436,0,X
PB)산리오포차코아망추망고350ml,0.0033178500331785005,0.0002111959852146656,0,O
PB)요구르트280ml,0.0033178500331785005,0.0001697873596233307,0,O
고운벗)바나나머랭쿠키40g,0.0006635700066357001,0.0,0,X
고운벗)말차머랭쿠키40g,0.0013271400132714001,0.0012328478609340563,0,X
★여리수)하트부케12000,0.0006635700066357001,0.0,0,X
롯데)진국소고기미역국밥45g,0.0026542800265428003,0.0009546953101471165,0,X
롯데)진국북어국밥45g,0.0013271400132714001,0.0,0,X
APP예약)킹듬뿍참치김밥,0.0006635700066357001,0.0,0,X
APP전용)뚠뚠햄치즈&포테이토샌드,0.0013271400132714001,2.6437052057199203e-06,0,X
CJ)작은햇반흑미밥130g*3입,0.0026542800265428003,0.00011037606004380539,0,X
삼립)스윗딸기생크림팬케익(1입),0.005972130059721301,0.00012774346890377623,0,X
오뚜기)참기름김치볶음컵밥,0.0053085600530856005,0.00023511143379472348,0,X
덴마크)소화가잘되는우유딸기190ml,0.0026542800265428003,7.899573651585645e-05,0,X
농심)린도볼밀크기프트(3입),0.0006635700066357001,0.0,0,X
덴마크)소화가잘되는카페라떼250ml,0.0006635700066357001,0.0,0,X
프로엠)심플핸드백빼빼로세트,0.0006635700066357001,0.0,0,X
프로엠)미니핸드백빼빼로세트,0.0006635700066357001,0.0,0,X
목우촌)생생누룽지닭다리삼계탕600g,0.0006635700066357001,0.0,0,X
PB)영양반계탕600g,0.0006635700066357001,0.0,0,O
엠즈)쫀득라바녹차케이크80g,0.0033178500331785005,6.272672037190188e-05,0,X
즉석)블루치즈고르곤졸라피자세트,0.0006635700066357001,0.0,0,X
즉석)블랙페퍼페퍼로니피자세트,0.0006635700066357001,0.0,0,X
엠탑)까먹는젤리(샤인머스켓),0.0039814200398142,0.0,0,X
삼립)미각황치즈호떡90g,0.0013271400132714001,2.522997729500417e-07,0,X
유라가)푸하하딸기생크림떡80g,0.0079628400796284,0.0005964499310027633,0,X
에이스)매운치킨아몬드80g,0.0019907100199071,3.906760464182939e-05,0,X
엠즈)유자크림롤80g,0.0013271400132714001,1.5551958626097e-06,0,X
맛제일)스팸아라비아따파스타,0.0013271400132714001,0.0,0,X
★미루)베스트바구니,0.0006635700066357001,0.0,0,X
롯데)반반김밥_불고기&참치,0.0039814200398142,0.0003607509002521684,0,X
그린)기본김밥,0.0026542800265428003,8.69879233646525e-05,0,X
유앤)초코찍먹14g,0.0046449900464499,0.00013574155598911124,0,X
롯데)프리미엄몽쉘말차딸기432g,0.0079628400796284,1.1669899152889693e-05,0,X
PB)초코별말차별60g,0.0013271400132714001,2.252658623699009e-05,0,O
네슬레)킷캣산타10입,0.0013271400132714001,0.0,0,X
SAMG)프린세스하츄핑사우어4D젤리,0.0026542800265428003,0.0,0,X
은성)치킨텐더샐러드 150g,0.0013271400132714001,1.2182581753893368e-06,0,X
삼립)광천식김우동206g,0.0013271400132714001,4.2814171217793924e-05,0,X
삼립)얼큰온면192g,0.0013271400132714001,1.5300899288284606e-05,0,X
삼립)인절미팥빙수비먹케100g,0.0006635700066357001,0.0,0,X
던_오리온)참붕어빵8P,0.0006635700066357001,0.0,0,X
던_오리온)호떡품은참붕어빵8P,0.0013271400132714001,8.812350685733068e-07,0,X
엔제이)젤리코팥타이야끼175g(5입),0.0033178500331785005,0.00013208715718076113,0,X
프로엠)키티핸드타올(단품),0.0019907100199071,0.0,0,X
프로엠)골드바플러스빼빼로세트,0.0006635700066357001,0.0,0,X
프로엠)실버바플러스빼빼로세트,0.0006635700066357001,0.0,0,X
천하일미이원일&홍석천소갈비찜,0.0006635700066357001,0.0,0,X
포천이동소갈비3kg(6팩),0.0006635700066357001,0.0,0,X
마즈)엠앤엠즈머그컵기획팩(레드),0.0006635700066357001,0.0,0,X
마즈)엠앤엠즈머그컵기획팩(옐로우),0.0006635700066357001,0.0,0,X
스윗)콘톡톡콤비네이션피자랩105g,0.0013271400132714001,0.0012328478609340563,0,X
아리)즉석맵탱흑후추소고기라면,0.0026542800265428003,0.0,0,X
PB)커피헤이즐넛벤티600ml ,0.0026542800265428003,6.0842819537915154e-06,0,O
APP전용)닭가슴살잡곡샌드,0.0013271400132714001,0.0,0,X
감성)곰돌이보틀팝콘120g,0.0019907100199071,0.0,0,X
삼립)25년흑당단팥호빵(3입),0.0006635700066357001,0.0,0,X
삼립)25년감주통팥호빵(3입),0.0006635700066357001,0.0,0,X
나무)포켓몬츄잉팝스젤리,0.0046449900464499,3.959636499054768e-05,0,X
삼립)아몬드크럼블소프트머핀85g,0.0006635700066357001,0.0,0,X
삼립)초코크럼블소프트머핀85g,0.0006635700066357001,0.0,0,X
여리수)하리보쇼핑백4입,0.0019907100199071,4.406175342866534e-07,0,X
롯데)어쏘트6갑(이세계아이돌25년),0.0019907100199071,0.0,0,X
★미루)로즈원,0.0046449900464499,1.4477433269418612e-06,0,X
삼립)허쉬바나나미니샌드5입100g,0.0039814200398142,8.754049654539736e-05,0,X
오리온)초코파이딸기408g(봄한정),0.0026542800265428003,4.372391070038965e-06,0,X
오츠카)오로나민C120ml 20입 ,0.0006635700066357001,0.0,0,X
동아)박카스F120ml 20입(판매전용) ,0.0013271400132714001,0.001232847860934056,0,X
hy)쿠퍼스깨곰,0.0019907100199071,1.3218526028599602e-06,0,X
스윗)토마토파스타치킨샐러드160g,0.0026542800265428003,3.9396352339581366e-05,0,X
삼립)미각오리지널모카번85g,0.0006635700066357001,0.0,0,X
초코텍)스모어초코와플32g,0.0013271400132714001,0.0,0,X
삼립)카이막바스크치즈케익240g,0.0033178500331785005,1.9006995068197095e-05,0,X
3롯데)이정후포토카드4입기획,0.0019907100199071,0.0,0,X
제이탑)망고파르페85g,0.0019907100199071,7.945435319273076e-05,0,X
★미루)플라워가든,0.0006635700066357001,0.0,0,X
롯데)대만식햄치즈샌드위치,0.0019907100199071,3.875277835383951e-05,0,X
CJ)밸런스밀프로틴바(피넛버터)34g,0.0006635700066357001,0.0,0,X
CJ)밸런스밀프로틴바(말차초코)38g,0.0006635700066357001,0.0,0,X
롯데)햄치즈에그토스트샌드,0.0019907100199071,3.442312610454158e-06,0,X
삼립)탕종땅콩미니샌드200g(10입),0.0013271400132714001,1.4071445704947257e-05,0,X
★여리수)스윗하트로쉐,0.0006635700066357001,0.0,0,X
롯데)안유성명장 마늘갈비정식,0.0046449900464499,0.00020450620010190423,0,X
2산리오)퀼팅파우치기획(시나모롤),0.0046449900464499,0.0024396441153821014,0,X
총동원)그릴리직화소시지파스타,0.0039814200398142,4.337339538119923e-05,0,X
옛날통닭한마리,0.0019907100199071,9.255942900869118e-05,0,X
로투스)비스코프샌드오리지널110g,0.0026542800265428003,5.320140291830453e-05,0,X
★여리수)초코스틱원통,0.0013271400132714001,0.0024639332517309657,0,X
티니핑)빛나핑의도라야끼통팥70g,0.0039814200398142,9.5800386324588e-06,0,X
엠탑)까먹는젤리(리치),0.0006635700066357001,0.0,0,X
드림)주토피아구슬젤리,0.0006635700066357001,0.0,0,X
★여리수)하리보미니캐리어,0.0006635700066357001,0.0,0,X
★여리수)여행을떠나요(중),0.0006635700066357001,0.0,0,X
PB)초코별딸기별60g,0.0013271400132714001,1.4815752872080382e-05,0,O
PB)커피카페라떼240ml,0.0013271400132714001,0.0012328478609340565,0,O
APP예약)한도초과불고기김밥,0.0033178500331785005,9.693585754306376e-06,0,O
APP전용)몬스터3단버거,0.0006635700066357001,0.0,0,X
딸기키티)딸기품은부생카90g,0.0033178500331785005,0.00019369616357139933,0,X
하림)더미식마파두부덮밥소스150g,0.0006635700066357001,0.0,0,X
네슬레)킷캣대왕청키,0.0013271400132714001,0.0,0,X
★미루)초코렛팩토리,0.0006635700066357001,0.0,0,X
초코텍)귤빛카스테라200g,0.0026542800265428003,0.0,0,X
프로엠)골드바빼빼로8입,0.0006635700066357001,0.0,0,X
유한)내일N스파클링100ml,0.0006635700066357001,0.0,0,X
APP예약)듬뿍참치유부초밥,0.0026542800265428003,7.931115617159761e-06,0,X
던_오리온)리찌알맹이6P,0.0013271400132714001,8.812350685733068e-07,0,X
던_오리온)자두알맹이6P,0.0006635700066357001,0.0,0,X
스윗)그린믹스100g(레몬요거트),0.0006635700066357001,0.0,0,X
G)파스키에브레첼270g,0.0013271400132714001,0.0012328478609340563,0,X
G)파스키에팬케이크280g,0.0019907100199071,0.0024639332517309657,0,X
★여리수)로망스(중),0.0033178500331785005,0.0012356498641105374,0,X
투데이)엄지닭라면스낵불닭맛20입,0.0006635700066357001,0.0,0,X
투데이)엄지닭라면스낵20입,0.0013271400132714001,0.0012328478609340563,0,X
롯데)칼빔면&김치왕교자,0.0013271400132714001,0.0,0,X
현대)에너린250ml,0.0013271400132714001,0.00012323822248572268,0,X
★미루)파스텔페페,0.0013271400132714001,0.0012328478609340563,0,X
★여리수)에이스부케30000,0.0006635700066357001,0.0,0,X
3블루밍)러그set,0.0006635700066357001,0.0,0,X
2랏소베어)얼굴쿠션set,0.0013271400132714001,8.812350685733068e-07,0,X
★미루)그린라이트,0.0006635700066357001,0.0,0,X
삼립)고구마뿌륄레70g,0.0013271400132714001,0.0,0,X
엔제이)도쿄바나나의연인(10입),0.0013271400132714001,0.0,0,X
APP전용)디지게매운통치킨버거(양념맛),0.0013271400132714001,0.0,0,X
PB)멸치가락국수195g,0.0006635700066357001,0.0,0,O
PB)김치가락국수200g,0.0006635700066357001,0.0,0,O
유앤)말랑코코콜라맛66ml,0.0046449900464499,2.3895868921911396e-06,0,X
★여리수)하트로쉐플라워,0.0019907100199071,0.0,0,X
삼립)허쉬루돌프코는초코슈120g,0.0019907100199071,3.1240166705193275e-06,0,X
콕콕콕)스파게티소스떠먹는피자,0.0019907100199071,1.3610738545404473e-05,0,X
2랏소베어)얼굴파우치set,0.0006635700066357001,0.0,0,X
G)파스키에슬라이스브리오쉬500g,0.0006635700066357001,0.0,0,X
선우)이름찾기초코과자40g,0.0006635700066357001,0.0,0,X
유앤)참깨롱꽈배기280g,0.0033178500331785005,4.499246266896797e-05,0,X
삼립)미국식콥샐러드178g,0.0019907100199071,6.468288339836111e-06,0,X
동아)박카스F120ml10입(판매전용) ,0.0019907100199071,0.0036950186425278755,0,X
굿지앤)오마카세순살닭갈비볶음200g,0.0019907100199071,5.054776134954059e-05,0,X
PB)감자칩오리지널110g,0.0006635700066357001,0.0,0,O
산토리)가쿠빈180ml,0.0019907100199071,0.0012328478609340563,0,X
삼립)끼리딸기크림치즈슈60g,0.0039814200398142,0.00018215740234593528,0,X
동서)TOP배럴에이지드향볼트380ml,0.0006635700066357001,0.0,0,X
동서)TOP배럴에이지드향마일드380ml,0.0006635700066357001,0.0,0,X
위드)유니프그린베지주스200ml,0.0033178500331785005,0.00011841050542062183,0,X
2산리오)엠보스티커기획(시나모롤),0.0006635700066357001,0.0,0,X
산토리)짐빔하이볼레몬350ml팩(6입),0.0013271400132714001,0.0,0,X
삼립)로만밀아몬드파운드95g,0.0026542800265428003,6.372331630331733e-06,0,X
4산리오)모둠쇼핑백(소),0.0013271400132714001,0.007370650113547138,0,X
★미루)러브미,0.0013271400132714001,0.0012328478609340563,0,X
적토마토)베이컨듬뿍토스트샌드,0.0006635700066357001,0.0,0,X
APP전용)햄치즈에그토스트샌드2,0.0006635700066357001,0.0,0,X
APP전용)참치인가샌드위치,0.0013271400132714001,2.6437052057199203e-06,0,X
오뚜기)저칼로리현미누룽지죽215g,0.0013271400132714001,0.0012328478609340563,0,X
오뚜기)저칼로리흑미누룽지죽215g,0.0006635700066357001,0.0,0,X
APP전용)NEW햄참치샐러드샌드,0.0013271400132714001,3.5249402742932272e-06,0,X
★미루)로맨틱(중),0.0019907100199071,6.536167415761787e-06,0,X
오리온)주전부리스낵3번들,0.0006635700066357001,0.0,0,X
하이트)블랙보리누룽지520ml,0.0006635700066357001,0.0,0,X
CJ)정희원교수의렌틸콩현미밥190g*4입,0.0006635700066357001,0.0,0,X
CJ)정희원교수의파로통곡물밥190g*4입,0.0006635700066357001,0.0,0,X
★미루)사각손잡이,0.0006635700066357001,0.0,0,X
코카)몬스터스트로베리355ml,0.0019907100199071,0.001260102686267333,0,X
★미루)해피토이,0.0006635700066357001,0.0,0,X
매크로)키도크리미버터샌드90g,0.0006635700066357001,0.0,0,X
매크로)키도레몬버터샌드90g,0.0006635700066357001,0.0,0,X
★미루)블링블링바구니,0.0006635700066357001,0.0,0,X
산토리)히비키하모니700ml,0.0006635700066357001,0.0,0,X
산토리)야마자키12년700ml,0.0006635700066357001,0.0,0,X
2산리오)마우스패드기획(시나모롤),0.0006635700066357001,0.0,0,X
삼립)해피슈크림빵(3입),0.0006635700066357001,0.0,0,X
삼립)해피옥수수소보루빵(3입),0.0006635700066357001,0.0,0,X
롯데)미미미누크런키6입,0.0006635700066357001,0.0,0,X
롯데)미미미누크런키8입,0.0006635700066357001,0.0,0,X
그린)럭히밥로제우동볶이&대왕치즈스틱,0.0006635700066357001,0.0,0,X
CJ)동치미물냉면2인분,0.0006635700066357001,0.0,0,X
CJ)함흥비빔냉면2인분,0.0006635700066357001,0.0,0,X
이노엔)티로그자두아이스티500ml,0.0006635700066357001,0.0,0,X
APP예약)더커진유부초밥6입,0.0006635700066357001,0.0,0,X
한일)초계국수215g,0.0006635700066357001,0.0,0,X
★미루)빅하트,0.0006635700066357001,0.0,0,X
★여리수)스윗원형볼,0.0006635700066357001,0.0,0,X
스윗)호호불닭피자랩105g,0.0006635700066357001,0.0,0,X
동서)레드불그린250ml,0.0013271400132714001,0.0008675486946316116,0,X
4산리오)공병set,0.0006635700066357001,0.0,0,X
★몽뜨)회전목마,0.0006635700066357001,0.0,0,X
★미루)추억의책가방,0.0019907100199071,0.0,0,X
오츠카)오로나민C120ml 10입 ,0.0006635700066357001,0.0,0,X
고래사)부산어묵꼬치446g,0.0006635700066357001,0.0,0,X
고래사)빨간꼬치어묵&부산물떡616g,0.0006635700066357001,0.0,0,X
신동엽)블랙서클위스키700ml,0.0013271400132714001,7.1208872107584924e-06,0,X
PB)제트콘김와사비맛90g,0.0013271400132714001,0.0,0,O
덴마크)소화가잘되는바닐라라떼250ml,0.0006635700066357001,0.0,0,X
삼립)뉴욕식치즈베이글박스샐러드171g,0.0013271400132714001,0.001232847860934056,0,X
산토리)메이커스마크375ml,0.0006635700066357001,0.0,0,X
고운벗)벚꽃머랭20g,0.0013271400132714001,6.368775132212005e-07,0,X
삼립)초계겨자곤약면샐러드132g,0.0013271400132714001,8.76228754891087e-06,0,X
프로엠)하트타워빼빼로6입,0.0006635700066357001,0.0,0,X
던_오리온)다쿠아즈8P,0.0006635700066357001,0.0,0,X
APP전용)더블치킨버거,0.0006635700066357001,0.0,0,X
스위트)부르봉오믈렛아포카토맛98g,0.0006635700066357001,0.0,0,X
여리수)기프트박스(소),0.0013271400132714001,0.0,0,X
APP예약)케이준치킨너겟샐러드165g,0.0006635700066357001,0.0,0,X
APP예약)요거트구운단호박샐러드165g,0.0006635700066357001,0.0,0,X
CJ)더건강한저당닭가슴살데리야끼맛120g,0.0013271400132714001,0.0,0,X
★몽뜨)심쿵,0.0006635700066357001,0.0,0,X
롯데)치폴레대파닭파스타,0.0006635700066357001,0.0,0,X
던_오리온)키위알맹이6P,0.0006635700066357001,0.0,0,X
코카)몬스터에너지파피용355ml,0.0006635700066357001,0.0,0,X
롯데)의성마늘비엔나320g,0.0006635700066357001,0.0,0,X
롯데)롯데비엔나410g,0.0006635700066357001,0.0,0,X
롯데)길리안템테이션오리지널(7입),0.0013271400132714001,0.0012328478609340563,0,X
파머스)피스터블다크씨솔트60g,0.0006635700066357001,0.0,0,X
파머스)피스터블쿠키앤크림60g,0.0006635700066357001,0.0,0,X
동원)저스트파인애플822g,0.0006635700066357001,0.0,0,X
동원)저스트후르츠칵테일822g,0.0006635700066357001,0.0,0,X
삼립)뉴욕식참깨베이글박스샐러드171g,0.0006635700066357001,0.0,0,X
안유성)크림카레우동330g,0.0006635700066357001,0.0,0,X
★미루)러브스토리(미니),0.0006635700066357001,0.0,0,X
★미루)러브스토리,0.0006635700066357001,0.0,0,X
PB)커피블랙240ml,0.0006635700066357001,0.0,0,O
롯데)길리안템테이션오리지널(17입),0.0006635700066357001,0.0,0,X
CJ)디즈니초코아몬드쿠키65g,0.0006635700066357001,0.0,0,X
하림)더미식오징어육즙교자280g,0.0006635700066357001,0.0,0,X
